rsID	variant_id	chrom	pos	p-value	estimator	reported_source	adjusted_pvalue	significant	β₁	se₁	n₁	p_beta1	ci_beta1	ci_beta1_lo	ci_beta1_hi	β₂	se₂	n₂	p_beta2	ci_beta2	ci_beta2_lo	ci_beta2_hi	Δβ	Δp	ci_dbeta	ci_dbeta_lo	ci_dbeta_hi	control₁	case₁	control₂	case₂	case_geno_counts	ctrl_geno_counts	original_pvalue	original_source	reported_beta	reported_se	min_support_cases	insufficient_support
chr1:117208326:A:G	1:117208326:A:G	1	117208326	0.37358227873606564	WTMLE_TUNEDXGBOOST_TUNEDXGBOOST	β₁	0.8155027791921432	false	0.0024144863658001987	0.002713530590501287	33505	0.37358227873606564	[-0.0029, 0.0077]	-0.0029041280025488515	0.007733100734149249													AA	GA			A/A:0  A/G:10  G/G:361	A/A:5  A/G:850  G/G:32279	0.37358227873606564	β₁	0.0024144863658001987	0.002713530590501287	10	false
chr1:5934274:C:T	1:5934274:C:T	1	5934274	0.7414277348919823	WTMLE_TUNEDXGBOOST_TUNEDXGBOOST	β₁	0.9231284568084774	false	-0.0006413491677349296	0.0019436827354526527	33507	0.7414277348919823	[-0.0045, 0.0032]	-0.004451034946912108	0.0031683366114422487													CC	TC			C/C:0  C/T:19  T/T:352	C/C:20  C/T:1743  T/T:31373	0.7414277348919823	β₁	-0.0006413491677349296	0.0019436827354526527	19	false
chr1:217865271:A:G	1:217865271:A:G	1	217865271	0.5746646780672688	WTMLE_TUNEDXGBOOST_TUNEDXGBOOST	β₁	0.9023243629301853	false	-0.0012015854260927245	0.0021410986348871534	33510	0.5746646780672688	[-0.0054, 0.003]	-0.005398213222380096	0.0029950423701946473													AA	GA			A/A:1  A/G:7  G/G:363	A/A:8  A/G:1005  G/G:32126	0.5746646780672688	β₁	-0.0012015854260927245	0.0021410986348871534	7	false
chr1:34855641:A:C	1:34855641:A:C	1	34855641	0.5050503140623996	WTMLE_TUNEDXGBOOST_TUNEDXGBOOST	β₁	0.8274839143346915	false	0.0009726742565056405	0.0014592191561392126	33499	0.5050503140623996	[-0.0019, 0.0038]	-0.0018874460781613037	0.0038327945911725845													AA	CA			A/A:2  A/C:58  C/C:311	A/A:201  A/C:4701  C/C:28226	0.5050503140623992	β₁	0.0009726742565056405	0.0014592191561392126	58	false
chr1:10451303:A:G	1:10451303:A:G	1	10451303	0.5509651702478918	WTMLE_TUNEDXGBOOST_TUNEDXGBOOST	β₁	0.8747245929131358	false	-0.0010513708149269137	0.0017630968955422348	33505	0.5509651702478918	[-0.0045, 0.0024]	-0.004507102073033062	0.002404360443179235													AA	GA			A/A:0  A/G:21  G/G:350	A/A:32  A/G:2004  G/G:31098	0.5509651702478918	β₁	-0.0010513708149269137	0.0017630968955422348	21	false
chr1:223658460:G:A	1:223658460:G:A	1	223658460	0.7328086755901216	WTMLE_TUNEDXGBOOST_TUNEDXGBOOST	β₁	0.9231284568084774	false	0.0006832059559578789	0.002001220704607994	33503	0.7328086755901216	[-0.0032, 0.0046]	-0.0032392562613379333	0.004605668173253691													GG	AG			G/G:1  G/A:19  A/A:351	G/G:31  G/A:1614  A/A:31487	0.7328086755901216	β₁	0.0006832059559578789	0.002001220704607994	19	false
chr1:33228823:G:A	1:33228823:G:A	1	33228823	0.731129797063254	WTMLE_TUNEDXGBOOST_TUNEDXGBOOST	joint	0.9231284568084774	false	0.0006086512432822488	0.0011177510204506344	33510	0.5860790300858411	[-0.0016, 0.0028]	-0.0015821796345296619	0.0027994821210941597	0.0007300039805868668	0.0020084425898335492	33510	0.7162578404722276	[-0.0032, 0.0047]	-0.003206613353339509	0.004666621314513243	0.000121352737304618	0.9627696941427346	[-0.005, 0.0052]	-0.004974253699365738	0.005216959173974974	AA	AG	AG	GG	G/G:196  G/A:146  A/A:29	G/G:18027  G/A:12750  A/A:2362	0.731129797063254	joint	0.0006086512432822488	0.0011177510204506344	29	false
chr1:84493105:G:A	1:84493105:G:A	1	84493105	0.23912928309762216	WTMLE_TUNEDXGBOOST_TUNEDXGBOOST	β₁	0.6903893818463608	false	-0.0019779908135860906	0.001680269155640291	33511	0.23912928309762216	[-0.0053, 0.0013]	-0.005271376798381378	0.0013153951712091966													GG	AG			G/G:0  G/A:12  A/A:359	G/G:25  G/A:1499  A/A:31616	0.23912928309762213	β₁	-0.0019779908135860906	0.001680269155640291	12	false
chr1:162933058:C:T	1:162933058:C:T	1	162933058	0.015068179076137191	WTMLE_TUNEDXGBOOST_TUNEDXGBOOST	β₁	0.2452003686025961	false	-0.003341342035255715	0.0013745505384941293	33510	0.015068179076137191	[-0.006, -0.0006]	-0.0060355089004595994	-0.0006471751700518314													CC	TC			C/C:0  C/T:21  T/T:350	C/C:31  C/T:2403  T/T:30705	0.015068179076137207	β₁	-0.003341342035255715	0.0013745505384941293	21	false
chr1:177507565:A:G	1:177507565:A:G	1	177507565	0.32834090792027615	WTMLE_TUNEDXGBOOST_TUNEDXGBOOST	β₁	0.7836403002363924	false	-0.0018139647693227981	0.00185576470577522	32982	0.32834090792027615	[-0.0055, 0.0018]	-0.005451330243461703	0.0018234007048161071													AA	GA			A/A:0  A/G:13  G/G:353	A/A:18  A/G:1222  G/G:31376	0.32834090792027615	β₁	-0.0018139647693227981	0.00185576470577522	13	false
chr1:11658802:C:T	1:11658802:C:T	1	11658802	0.8355038703084956	WTMLE_TUNEDXGBOOST_TUNEDXGBOOST	β₁	0.9411635475019089	false	0.0006395383447335072	0.003079892682984713	33509	0.8355038703084956	[-0.0054, 0.0067]	-0.005397158445563344	0.0066762351350303575													CC	TC			C/C:0  C/T:4  T/T:367	C/C:1  C/T:506  T/T:32631	0.8355038703084956	β₁	0.0006395383447335072	0.003079892682984713	4	false
chr1:211752116:C:A	1:211752116:C:A	1	211752116	0.1919557116608201	WTMLE_TUNEDXGBOOST_TUNEDXGBOOST	joint	0.6747499888647454	false	0.0014866737078609504	0.001369055052875228	33507	0.27752561133589626	[-0.0012, 0.0042]	-0.0011967218230638892	0.00417006923878579	-0.0041852115637450345	0.002327227257168493	33507	0.07212767128928692	[-0.0087, 0.0004]	-0.008746657948400793	0.00037623482091072354	-0.005671885271605985	0.07763865015024886	[-0.012, 0.0006]	-0.011971917689114646	0.0006281471459026761	CC	AC	AC	AA	C/C:4  C/A:72  A/A:295	C/C:335  C/A:5889  A/A:26912	0.1919557116608201	joint	0.0014866737078609504	0.001369055052875228	4	false
chr1:114405659:A:G	1:114405659:A:G	1	114405659	0.2786006514262412	WTMLE_TUNEDXGBOOST_TUNEDXGBOOST	β₁	0.7358007387522101	false	0.0016087615152574994	0.0014848016773128588	33511	0.2786006514262412	[-0.0013, 0.0045]	-0.0013015014136595574	0.0045190244441745565													GG	GA			A/A:309  A/G:62  G/G:0	A/A:28223  A/G:4695  G/G:222	0.2786006514262412	β₁	0.0016087615152574994	0.0014848016773128588	62	false
chr1:215219561:G:A	1:215219561:G:A	1	215219561	0.6272527704324246	WTMLE_TUNEDXGBOOST_TUNEDXGBOOST	joint	0.9231284568084774	false	0.0010814637753223555	0.0011506140828440358	33509	0.3472749197664782	[-0.0012, 0.0033]	-0.0011737798502586794	0.0033367074009033907	-0.0001923584984840458	0.002544456118618136	33509	0.9397385332435096	[-0.0052, 0.0048]	-0.005179580997882258	0.0047948640009141666	-0.0012738222738064014	0.6807953865441285	[-0.0073, 0.0048]	-0.007342970876196891	0.004795326328584089	GG	AG	AG	AA	G/G:15  G/A:122  A/A:234	G/G:1313  G/A:10357  A/A:21468	0.6272527704324246	joint	0.0010814637753223555	0.0011506140828440358	15	false
chr1:65699895:T:C	1:65699895:T:C	1	65699895	0.29533524978672576	WTMLE_TUNEDXGBOOST_TUNEDXGBOOST	β₁	0.7552144244546273	false	-0.0018361314334209683	0.0017545358409602678	33505	0.29533524978672576	[-0.0053, 0.0016]	-0.005275082726684539	0.0016028198598426026													TT	CT			T/T:0  T/C:11  C/C:360	T/T:14  T/C:1176  C/C:31944	0.29533524978672554	β₁	-0.0018361314334209683	0.0017545358409602678	11	false
chr1:162935368:G:T	1:162935368:G:T	1	162935368	0.01354341517498413	WTMLE_TUNEDXGBOOST_TUNEDXGBOOST	β₁	0.2452003686025961	false	-0.0033935107332498946	0.001374290759957373	33509	0.01354341517498413	[-0.0061, -0.0007]	-0.0060871684263905206	-0.000699853040109269													GG	TG			G/G:0  G/T:21  T/T:350	G/G:33  G/T:2464  T/T:30641	0.01354341517498413	β₁	-0.0033935107332498946	0.001374290759957373	21	false
chr1:162882360:G:T	1:162882360:G:T	1	162882360	0.7124709298501968	WTMLE_TUNEDXGBOOST_TUNEDXGBOOST	β₁	0.9231284568084774	false	0.0007521440826171117	0.002040859997719159	33510	0.7124709298501968	[-0.0032, 0.0048]	-0.003248012498310608	0.004752300663544831													GG	TG			G/G:0  G/T:15  T/T:356	G/G:8  G/T:1098  T/T:32033	0.7124709298501968	β₁	0.0007521440826171117	0.002040859997719159	15	false
chr1:212026247:A:G	1:212026247:A:G	1	212026247	0.19237288249006165	WTMLE_TUNEDXGBOOST_TUNEDXGBOOST	β₁	0.6747499888647454	false	0.0035139289792520904	0.002695520842577185	33504	0.19237288249006165	[-0.0018, 0.0088]	-0.001769385662253503	0.008797243620757685													AA	GA			A/A:0  A/G:10  G/G:361	A/A:4  A/G:608  G/G:32521	0.19237288249006165	β₁	0.0035139289792520904	0.002695520842577185	10	false
chr1:62177757:C:G	1:62177757:C:G	1	62177757	0.3247013751038049	WTMLE_TUNEDXGBOOST_TUNEDXGBOOST	β₁	0.7836403002363924	false	0.0023874276649619723	0.0024241360950130477	33510	0.3247013751038049	[-0.0024, 0.0071]	-0.002363963397809622	0.007138818727733566													CC	GC			C/C:1  C/G:16  G/G:354	C/C:19  C/G:1374  G/G:31746	0.3247013751038045	β₁	0.0023874276649619723	0.0024241360950130477	16	false
chr1:220464493:G:A	1:220464493:G:A	1	220464493	0.031127070096164094	WTMLE_TUNEDXGBOOST_TUNEDXGBOOST	β₁	0.3618231714847788	false	-0.003218668400598783	0.0014932107359430142	33508	0.031127070096164094	[-0.0061, -0.0003]	-0.006145413386363506	-0.00029192341483406025													GG	AG			G/G:0  G/A:7  A/A:364	G/G:7  G/A:759  A/A:32371	0.031127070096164094	β₁	-0.003218668400598783	0.0014932107359430142	7	false
chr10:7440853:A:G	10:7440853:A:G	10	7440853	0.06285125011168209	WTMLE_TUNEDXGBOOST_TUNEDXGBOOST	β₁	0.46876557374962896	false	-0.0032218521840180485	0.0017318952382634647	33463	0.06285125011168209	[-0.0066, 0.0002]	-0.0066164272621955945	0.00017272289415949747													AA	GA			A/A:0  A/G:7  G/G:364	A/A:8  A/G:937  G/G:32147	0.06285125011168224	β₁	-0.0032218521840180485	0.0017318952382634647	7	false
chr10:112202002:T:C	10:112202002:T:C	10	112202002	0.2606544269348893	WTMLE_TUNEDXGBOOST_TUNEDXGBOOST	β₁	0.706926400323412	false	0.0037562851017396786	0.003339321677072919	33508	0.2606544269348893	[-0.0028, 0.0103]	-0.002788901548057884	0.010301471751537242													TT	CT			T/T:0  T/C:10  C/C:361	T/T:6  T/C:850  C/C:32281	0.2606544269348893	β₁	0.0037562851017396786	0.003339321677072919	10	false
chr10:130762360:G:A	10:130762360:G:A	10	130762360	0.0980124845529985	WTMLE_TUNEDXGBOOST_TUNEDXGBOOST	joint	0.5450862539632899	false	0.0012663139624619927	0.0011759079737771155	33508	0.28154080258578135	[-0.001, 0.0036]	-0.0010385065716600373	0.0035711344965840227	0.004795662881202327	0.0031619133192259574	33508	0.1293527608121916	[-0.0014, 0.011]	-0.0014017972158301044	0.010993122978234758	0.0035293489187403345	0.33395113829769496	[-0.0036, 0.0107]	-0.003630294424041015	0.010688992261521684	GG	AG	AG	AA	G/G:19  G/A:118  A/A:234	G/G:1112  G/A:10009  A/A:22016	0.0980124845529985	joint	0.0012663139624619927	0.0011759079737771155	19	false
chr10:77967866:G:A	10:77967866:G:A	10	77967866	0.03597253253139489	WTMLE_TUNEDXGBOOST_TUNEDXGBOOST	β₁	0.3618231714847788	false	-0.0030924581720168896	0.001474479274019389	33511	0.03597253253139489	[-0.006, -0.0002]	-0.005982488831465687	-0.00020242751256809152													GG	AG			G/G:0  G/A:11  A/A:360	G/G:6  G/A:1064  A/A:32070	0.035972532531394805	β₁	-0.0030924581720168896	0.001474479274019389	11	false
chr10:29236730:G:A	10:29236730:G:A	10	29236730	0.4056917438785099	WTMLE_TUNEDXGBOOST_TUNEDXGBOOST	β₁	0.8252138881165145	false	-0.0011618833709374297	0.0013973180793553656	33505	0.4056917438785099	[-0.0039, 0.0016]	-0.0039006754228967273	0.0015769086810218682													GG	AG			G/G:2  G/A:45  A/A:324	G/G:152  G/A:4408  A/A:28574	0.4056917438785099	β₁	-0.0011618833709374297	0.0013973180793553656	45	false
chr10:80151505:C:T	10:80151505:C:T	10	80151505	0.8857026301523331	WTMLE_TUNEDXGBOOST_TUNEDXGBOOST	β₁	0.9529698784696967	false	-0.00030483218318354754	0.002120644171987064	33511	0.8857026301523331	[-0.0045, 0.0039]	-0.004461368516256096	0.003851704149889001													CC	TC			C/C:0  C/T:8  T/T:363	C/C:8  C/T:893  T/T:32239	0.8857026301523331	β₁	-0.00030483218318354754	0.002120644171987064	8	false
chr10:84371915:A:G	10:84371915:A:G	10	84371915	0.6196473268912848	WTMLE_TUNEDXGBOOST_TUNEDXGBOOST	β₁	0.9231284568084774	false	-0.0009878978076666523	0.001990305517776603	33500	0.6196473268912848	[-0.0049, 0.0029]	-0.004888965891580663	0.002913170276247358													AA	GA			A/A:0  A/G:6  G/G:364	A/A:2  A/G:572  G/G:32556	0.6196473268912848	β₁	-0.0009878978076666523	0.001990305517776603	6	false
chr11:5380167:G:A	11:5380167:G:A	11	5380167	0.14299561043423187	WTMLE_TUNEDXGBOOST_TUNEDXGBOOST	joint	0.6563131863519873	false	-3.0279659843079237e-5	0.0011630221574433581	33508	0.9792293177667262	[-0.0023, 0.0022]	-0.0023098435457007288	0.00224928422601457	-0.003732076387531646	0.0020581052678446407	33508	0.06978596008692056	[-0.0078, 0.0003]	-0.007766034306429265	0.00030188153136597286	-0.0037017967276885668	0.17397014996048243	[-0.009, 0.0016]	-0.009038458672082347	0.001634865216705213	GG	AG	AG	AA	G/G:8  G/A:112  A/A:251	G/G:1218  G/A:10141  A/A:21778	0.14299561043423187	joint	-3.0279659843079237e-5	0.0011630221574433581	8	false
chr11:13194728:A:C	11:13194728:A:C	11	13194728	0.4607447676459439	WTMLE_TUNEDXGBOOST_TUNEDXGBOOST	joint	0.8274839143346915	false	0.00031416978362293905	0.0011460608837514802	33510	0.7839863335089043	[-0.0019, 0.0026]	-0.0019321494109351485	0.0025604889781810267	0.003193267896019076	0.0029176777634972732	33510	0.27376320798578374	[-0.0025, 0.0089]	-0.0025254820033976644	0.008912017795435816	0.0028790981123961367	0.3987617396161004	[-0.0038, 0.0096]	-0.0038083015084909447	0.009566497733283219	CC	CA	CA	AA	A/A:243  A/C:112  C/C:16	A/A:22178  A/C:9872  C/C:1089	0.4607447676459439	joint	0.00031416978362293905	0.0011460608837514802	16	false
chr11:13783160:T:C	11:13783160:T:C	11	13783160	0.5818548346944376	WTMLE_TUNEDXGBOOST_TUNEDXGBOOST	joint	0.9056696992200375	false	0.0009834569168367493	0.0011256074826114521	33507	0.38228130254211745	[-0.0012, 0.0032]	-0.001222772907209929	0.0031896867408834273	-0.0017527259234697402	0.002124908026775853	33507	0.4094638204435551	[-0.0059, 0.0024]	-0.005917619578185542	0.0024121677312460617	-0.0027361828403064895	0.3138525579328677	[-0.0081, 0.0026]	-0.008060931477025588	0.0025885657964126087	TT	CT	CT	CC	T/T:17  T/C:146  C/C:208	T/T:1808  T/C:11957  C/C:19371	0.5818548346944376	joint	0.0009834569168367493	0.0011256074826114521	17	false
chr11:32874118:T:C	11:32874118:T:C	11	32874118	0.40353179739052697	WTMLE_TUNEDXGBOOST_TUNEDXGBOOST	joint	0.8252138881165145	false	-0.0015643532304566092	0.0011750972542857322	33510	0.18311441840162634	[-0.0039, 0.0007]	-0.0038675847212077978	0.0007388782602945794	0.00033310645017229165	0.0014209675509698008	33510	0.8146585973791143	[-0.0025, 0.0031]	-0.002452039373965116	0.003118252274309699	0.0018974596806289009	0.36998698247549544	[-0.0023, 0.006]	-0.0022509466396589033	0.0060458660009167055	CC	CT	CT	TT	T/T:145  T/C:166  C/C:60	T/T:11763  T/C:15987  C/C:5389	0.40353179739052697	joint	-0.0015643532304566092	0.0011750972542857322	60	false
chr11:134895556:C:T	11:134895556:C:T	11	134895556	0.22123496365677112	WTMLE_TUNEDXGBOOST_TUNEDXGBOOST	β₁	0.6747499888647454	false	0.00333246044870535	0.002724215044940563	33507	0.22123496365677112	[-0.002, 0.0087]	-0.002007095810569451	0.008672016707980151													CC	TC			C/C:0  C/T:10  T/T:361	C/C:6  C/T:704  T/T:32426	0.22123496365677087	β₁	0.00333246044870535	0.002724215044940563	10	false
chr11:83080171:A:G	11:83080171:A:G	11	83080171	0.17203539231707343	WTMLE_TUNEDXGBOOST_TUNEDXGBOOST	joint	0.6747499888647454	false	-1.692755217324758e-5	0.0011320700535143431	33509	0.988069971086007	[-0.0022, 0.0022]	-0.0022358242352285966	0.0022019691308821014	0.005339052931395649	0.002939092489963335	33509	0.06929265730009702	[-0.0004, 0.0111]	-0.0004216705829552265	0.011099776445746525	0.005355980483568897	0.11640135405414662	[-0.0013, 0.012]	-0.001330160443792759	0.012042121410930553	AA	GA	GA	GG	A/A:22  A/G:112  G/G:237	A/A:1392  A/G:10502  G/G:21244	0.17203539231707343	joint	-1.692755217324758e-5	0.0011320700535143431	22	false
chr11:26154319:G:A	11:26154319:G:A	11	26154319	0.8599365858286117	WTMLE_TUNEDXGBOOST_TUNEDXGBOOST	β₁	0.9443475390387821	false	-0.00041699525259992283	0.002363165148051471	33504	0.8599365858286117	[-0.005, 0.0042]	-0.005048881168591891	0.004214890663392046													GG	AG			G/G:0  G/A:12  A/A:359	G/G:9  G/A:1036  A/A:32088	0.8599365858286117	β₁	-0.00041699525259992283	0.002363165148051471	12	false
chr11:36302500:G:T	11:36302500:G:T	11	36302500	0.7362174625858384	WTMLE_TUNEDXGBOOST_TUNEDXGBOOST	β₁	0.9231284568084774	false	-0.0008274583664942753	0.0024563179779683664	33508	0.7362174625858384	[-0.0056, 0.004]	-0.005641927049591806	0.003987010316603255													GG	TG			G/G:0  G/T:10  T/T:361	G/G:13  G/T:1171  T/T:31953	0.7362174625858384	β₁	-0.0008274583664942753	0.0024563179779683664	10	false
chr11:83087184:C:T	11:83087184:C:T	11	83087184	0.20673716101173908	WTMLE_TUNEDXGBOOST_TUNEDXGBOOST	joint	0.6747499888647454	false	4.805061648226805e-5	0.0011262012429372	33506	0.9659679563171023	[-0.0022, 0.0023]	-0.0021593430008394984	0.0022554442338040344	0.004935559803137374	0.002897204145781717	33506	0.08847267649641437	[-0.0007, 0.0106]	-0.0007430611179312947	0.010614180724206043	0.004887509186655106	0.14688719173544926	[-0.0017, 0.0115]	-0.0017162198658384805	0.011491238239148693	CC	TC	TC	TT	C/C:22  C/T:112  T/T:237	C/C:1389  C/T:10492  T/T:21254	0.20673716101173908	joint	4.805061648226805e-5	0.0011262012429372	22	false
chr11:119309606:G:A	11:119309606:G:A	11	119309606	0.46696466338671466	WTMLE_TUNEDXGBOOST_TUNEDXGBOOST	joint	0.8274839143346915	false	-0.0007061122237400265	0.0011091850285716658	33511	0.5243868162996934	[-0.0029, 0.0015]	-0.002880153457181978	0.0014679290097019248	-0.0015303397535793388	0.001957707993810013	33511	0.4343966002539391	[-0.0054, 0.0023]	-0.0053675155105066185	0.0023068360033479413	-0.0008242275298393124	0.7469107388983675	[-0.0058, 0.0042]	-0.00583018941413794	0.004181734354459315	GG	AG	AG	AA	G/G:16  G/A:128  A/A:227	G/G:1834  G/A:12102  A/A:19204	0.46696466338671466	joint	-0.0007061122237400265	0.0011091850285716658	16	false
chr11:40336023:T:C	11:40336023:T:C	11	40336023	0.9133079611325772	WTMLE_TUNEDXGBOOST_TUNEDXGBOOST	β₁	0.9529698784696967	false	0.00018807477372304547	0.0017275511416990875	33509	0.9133079611325772	[-0.0032, 0.0036]	-0.0031979855555161287	0.00357413510296222													TT	CT			T/T:0  T/C:31  C/C:340	T/T:49  T/C:2722  C/C:30367	0.9133079611325772	β₁	0.00018807477372304547	0.0017275511416990875	31	false
chr11:64888597:G:A	11:64888597:G:A	11	64888597	0.4826770484047037	WTMLE_TUNEDXGBOOST_TUNEDXGBOOST	β₁	0.8274839143346915	false	-0.0010629554655845331	0.0015141573452717792	33410	0.4826770484047037	[-0.004, 0.0019]	-0.004030756848769617	0.0019048459176005512													GG	AG			G/G:1  G/A:34  A/A:336	G/G:96  G/A:3459  A/A:29484	0.4826770484047037	β₁	-0.0010629554655845331	0.0015141573452717792	34	false
chr11:120792334:A:G	11:120792334:A:G	11	120792334	0.24779470743995688	WTMLE_TUNEDXGBOOST_TUNEDXGBOOST	β₁	0.7028541557192216	false	-0.0024387446890979858	0.002110110601494406	33491	0.24779470743995688	[-0.0066, 0.0017]	-0.006574634946863122	0.0016971455686671504													AA	GA			A/A:0  A/G:5  G/G:366	A/A:3  A/G:754  G/G:32363	0.24779470743995677	β₁	-0.0024387446890979858	0.002110110601494406	5	false
chr12:54844451:T:C	12:54844451:T:C	12	54844451	0.014626622512013429	WTMLE_TUNEDXGBOOST_TUNEDXGBOOST	β₁	0.2452003686025961	false	-0.003305335593061271	0.0013537463662572444	33508	0.014626622512013429	[-0.006, -0.0007]	-0.005958725562788765	-0.0006519456233337771													TT	CT			T/T:0  T/C:6  C/C:365	T/T:3  T/C:684  C/C:32450	0.014626622512013385	β₁	-0.003305335593061271	0.0013537463662572444	6	false
chr12:68725473:A:C	12:68725473:A:C	12	68725473	0.4554254357685348	WTMLE_TUNEDXGBOOST_TUNEDXGBOOST	joint	0.8274839143346915	false	-0.0013988214761735483	0.0011261338741740939	33510	0.21419178902322128	[-0.0036, 0.0008]	-0.003606083038856703	0.0008084400865096064	0.0013643420418917478	0.0026232765939743947	33510	0.6030037209920124	[-0.0038, 0.0065]	-0.0037773713253689955	0.006506055409152492	0.0027631635180652963	0.3781814717885328	[-0.0034, 0.0089]	-0.0033824397610357276	0.008908766797166321	AA	CA	CA	CC	A/A:12  A/C:93  C/C:265	A/A:945  A/C:9366  C/C:22829	0.4554254357685348	joint	-0.0013988214761735483	0.0011261338741740939	12	false
chr12:95704646:G:T	12:95704646:G:T	12	95704646	0.39768569509613183	WTMLE_TUNEDXGBOOST_TUNEDXGBOOST	β₁	0.8252138881165145	false	-0.0015041163277392392	0.0017783934622505764	33510	0.39768569509613183	[-0.005, 0.002]	-0.004989829370011043	0.0019815967145325646													GG	TG			G/G:0  G/T:14  T/T:357	G/G:14  G/T:1334  T/T:31791	0.39768569509613183	β₁	-0.0015041163277392392	0.0017783934622505764	14	false
chr12:97580797:A:G	12:97580797:A:G	12	97580797	0.891227085518481	WTMLE_TUNEDXGBOOST_TUNEDXGBOOST	β₁	0.9529698784696967	false	0.0002769829274482893	0.00202542910287727	33386	0.891227085518481	[-0.0037, 0.0042]	-0.0036929290954950417	0.004246894950391621													AA	GA			A/A:1  A/G:14  G/G:351	A/A:14  A/G:1486  G/G:31520	0.891227085518481	β₁	0.0002769829274482893	0.00202542910287727	14	false
chr12:97575045:C:A	12:97575045:C:A	12	97575045	0.9104141661191137	WTMLE_TUNEDXGBOOST_TUNEDXGBOOST	β₁	0.9529698784696967	false	0.0002545137701185991	0.0022620028301067394	33508	0.9104141661191137	[-0.0042, 0.0047]	-0.004179090463659937	0.004688118003897134													CC	AC			C/C:1  C/A:11  A/A:359	C/C:6  C/A:1212  A/A:31919	0.9104141661191139	β₁	0.0002545137701185991	0.0022620028301067394	11	false
chr12:32323793:A:G	12:32323793:A:G	12	32323793	5.7087252600597216e-5	WTMLE_TUNEDXGBOOST_TUNEDXGBOOST	joint	0.007065841337676027	true	-0.001143040115340569	0.001158176860534437	33511	0.32368381671762503	[-0.0034, 0.0011]	-0.003413107043364858	0.0011270268126837197	-0.005692380917579412	0.0016881716695637758	33511	0.0007473031644229965	[-0.009, -0.0024]	-0.009001256104514065	-0.002383505730644759	-0.004549340802238843	0.06308643561138916	[-0.0093, 0.0002]	-0.00934685349216614	0.000248171887688455	GG	GA	GA	AA	A/A:269  A/G:98  G/G:4	A/A:22781  A/G:9386  G/G:973	5.7087252600597216e-5	joint	-0.001143040115340569	0.001158176860534437	4	false
chr12:32101409:C:A	12:32101409:C:A	12	32101409	0.5978659904568027	WTMLE_TUNEDXGBOOST_TUNEDXGBOOST	β₁	0.9146838657416041	false	-0.0010418083036207722	0.001975078775758076	33510	0.5978659904568027	[-0.0049, 0.0028]	-0.004913031401495677	0.0028294147942541322													CC	AC			C/C:0  C/A:9  A/A:362	C/C:5  C/A:839  A/A:32295	0.5978659904568027	β₁	-0.0010418083036207722	0.001975078775758076	9	false
chr13:85759059:C:T	13:85759059:C:T	13	85759059	0.3219527591212836	WTMLE_TUNEDXGBOOST_TUNEDXGBOOST	β₁	0.7836403002363924	false	0.003009730122705447	0.003038696118417276	33507	0.3219527591212836	[-0.0029, 0.009]	-0.002946219980889629	0.008965680226300524													CC	TC			C/C:0  C/T:9  T/T:362	C/C:3  C/T:765  T/T:32368	0.3219527591212836	β₁	0.003009730122705447	0.003038696118417276	9	false
chr13:113420378:C:T	13:113420378:C:T	13	113420378	0.2795220683527949	WTMLE_TUNEDXGBOOST_TUNEDXGBOOST	β₁	0.7358007387522101	false	-0.002225217971521437	0.0020576984669913936	33503	0.2795220683527949	[-0.0063, 0.0018]	-0.006258378568339407	0.0018079426252965332													CC	TC			C/C:0  C/T:5  T/T:366	C/C:5  C/T:747  T/T:32380	0.2795220683527948	β₁	-0.002225217971521437	0.0020576984669913936	5	false
chr13:37050152:A:G	13:37050152:A:G	13	37050152	0.17985027858545757	WTMLE_TUNEDXGBOOST_TUNEDXGBOOST	β₁	0.6747499888647454	false	-0.0021610489687487106	0.0016112271048411122	33510	0.17985027858545757	[-0.0053, 0.001]	-0.00531911013610087	0.0009970121986034486													AA	GA			A/A:0  A/G:15  G/G:356	A/A:21  A/G:1434  G/G:31684	0.17985027858545757	β₁	-0.0021610489687487106	0.0016112271048411122	15	false
chr13:30561355:G:A	13:30561355:G:A	13	30561355	0.4771549915880446	WTMLE_TUNEDXGBOOST_TUNEDXGBOOST	joint	0.8274839143346915	false	-0.0009076017154278395	0.0011612133697133896	33511	0.434456552724369	[-0.0032, 0.0014]	-0.0031836203070526267	0.0013684168761969478	-0.0015145389602743405	0.0024224562241509824	33511	0.5318388230985369	[-0.0063, 0.0032]	-0.006262637412607587	0.003233559492058906	-0.0006069372448465009	0.8401744616206401	[-0.0065, 0.0053]	-0.006505717155858159	0.0052918426661651575	AA	AG	AG	GG	G/G:264  G/A:97  A/A:10	G/G:23085  G/A:9103  A/A:952	0.4771549915880446	joint	-0.0009076017154278395	0.0011612133697133896	10	false
chr13:99911262:C:T	13:99911262:C:T	13	99911262	0.7803628119281654	WTMLE_TUNEDXGBOOST_TUNEDXGBOOST	β₁	0.929166172811795	false	0.0006332422350742374	0.002270918509840471	33436	0.7803628119281654	[-0.0038, 0.0051]	-0.0038178373873790643	0.00508432185752754													CC	TC			C/C:0  C/T:18  T/T:353	C/C:27  C/T:1777  T/T:31261	0.7803628119281654	β₁	0.0006332422350742374	0.002270918509840471	18	false
chr13:86085356:C:A	13:86085356:C:A	13	86085356	0.8517792999737946	WTMLE_TUNEDXGBOOST_TUNEDXGBOOST	β₁	0.9411635475019089	false	0.0004053597407922681	0.0021694382430811053	33509	0.8517792999737946	[-0.0038, 0.0047]	-0.0038468146778512504	0.004657534159435786													CC	AC			C/C:0  C/A:12  A/A:359	C/C:11  C/A:1024  A/A:32103	0.8517792999737946	β₁	0.0004053597407922681	0.0021694382430811053	12	false
chr13:99912382:C:T	13:99912382:C:T	13	99912382	0.6446850326146594	WTMLE_TUNEDXGBOOST_TUNEDXGBOOST	β₁	0.9231284568084774	false	-0.0007690008574533874	0.0016675269432065056	33511	0.6446850326146594	[-0.004, 0.0025]	-0.004037411662704465	0.0024994099477976903													CC	TC			C/C:1  C/T:32  T/T:338	C/C:87  C/T:3341  T/T:29712	0.6446850326146594	β₁	-0.0007690008574533874	0.0016675269432065056	32	false
chr14:84454021:C:T	14:84454021:C:T	14	84454021	0.354418438608574	WTMLE_TUNEDXGBOOST_TUNEDXGBOOST	β₁	0.8154911470772509	false	-0.0017302645022886378	0.0018684033469613798	33507	0.354418438608574	[-0.0054, 0.0019]	-0.0053924000611704406	0.001931871056593165													CC	TC			C/C:0  C/T:12  T/T:358	C/C:10  C/T:1132  T/T:31995	0.354418438608574	β₁	-0.0017302645022886378	0.0018684033469613798	12	false
chr14:85550313:T:C	14:85550313:T:C	14	85550313	0.8379389495378673	WTMLE_TUNEDXGBOOST_TUNEDXGBOOST	β₁	0.9411635475019089	false	0.00045375429147458243	0.0022184991205891113	33510	0.8379389495378673	[-0.0039, 0.0048]	-0.003894581148940122	0.004802089731889287													TT	CT			T/T:0  T/C:15  C/C:356	T/T:11  T/C:1339  C/C:31789	0.8379389495378673	β₁	0.00045375429147458243	0.0022184991205891113	15	false
chr14:52156666:G:A	14:52156666:G:A	14	52156666	0.47714160765400804	WTMLE_TUNEDXGBOOST_TUNEDXGBOOST	β₁	0.8274839143346915	false	0.0008756886464175238	0.0012317761583202614	33508	0.47714160765400804	[-0.0015, 0.0033]	-0.0015386354728579887	0.003290012765693036	-0.009119735638339246	0.0012995417086474287	33508	2.2990563190822287e-12	[-0.0117, -0.0066]	-0.011666882593570576	-0.0065725886831079165	-0.00999542428475677	1.786421866755265e-5	[-0.0146, -0.0054]	-0.014561477284042647	-0.005429371285470891	GG	AG	AG	AA	G/G:2  G/A:101  A/A:268	G/G:713  G/A:8273  A/A:24151	1.2442966756175675e-18	joint	0.0008756886464175238	0.0012317761583202614	101	false
chr14:101407533:C:T	14:101407533:C:T	14	101407533	0.42434929880395156	WTMLE_TUNEDXGBOOST_TUNEDXGBOOST	β₁	0.8274839143346915	false	-0.0015838732472544337	0.001982547209353793	33511	0.42434929880395156	[-0.0055, 0.0023]	-0.00546973473055513	0.002301988236046262													CC	TC			C/C:0  C/T:10  T/T:361	C/C:7  C/T:1056  T/T:32077	0.42434929880395145	β₁	-0.0015838732472544337	0.001982547209353793	10	false
chr14:50794954:T:C	14:50794954:T:C	14	50794954	0.8810133737322872	WTMLE_TUNEDXGBOOST_TUNEDXGBOOST	joint	0.9529698784696967	false	-0.00048327770743773036	0.0011876822080823628	33502	0.6840779645013406	[-0.0028, 0.0018]	-0.0028111761654413038	0.0018446207505658431	-0.0004014816806758609	0.002641752093566378	33502	0.8792071490039397	[-0.0056, 0.0048]	-0.005579407714417048	0.0047764443530653265	8.179602676186944e-5	0.9797448360617613	[-0.0062, 0.0064]	-0.006232870070894795	0.006396462124418533	TT	CT	CT	CC	T/T:8  T/C:97  C/C:266	T/T:819  T/C:8882  C/C:23430	0.8810133737322872	joint	-0.00048327770743773036	0.0011876822080823628	8	false
chr14:76346148:G:C	14:76346148:G:C	14	76346148	0.29390527082109386	WTMLE_TUNEDXGBOOST_TUNEDXGBOOST	joint	0.7552144244546273	false	-0.0011319437005370097	0.0011420925206185445	33511	0.32163715341767635	[-0.0034, 0.0011]	-0.003370484762913007	0.0011065973618389876	-0.0018068583684863282	0.002255705530771439	33511	0.423127511428947	[-0.0062, 0.0026]	-0.006228119662208629	0.002614402925235973	-0.0006749146679493185	0.8130914192539077	[-0.0063, 0.0049]	-0.006269767261981813	0.0049199379260831755	CC	CG	CG	GG	G/G:268  G/C:95  C/C:8	G/G:23279  G/C:8940  C/C:921	0.29390527082109386	joint	-0.0011319437005370097	0.0011420925206185445	8	false
chr15:49760953:A:C	15:49760953:A:C	15	49760953	0.6376227854627452	WTMLE_TUNEDXGBOOST_TUNEDXGBOOST	β₁	0.9231284568084774	false	0.0010851555180040775	0.002303795510078311	33396	0.6376227854627452	[-0.0034, 0.0056]	-0.003430364369399247	0.0056006754054074015													AA	CA			A/A:0  A/C:11  C/C:359	A/A:4  A/C:764  C/C:32258	0.6376227854627452	β₁	0.0010851555180040775	0.002303795510078311	11	false
chr15:65484392:T:C	15:65484392:T:C	15	65484392	0.3690211335936163	WTMLE_TUNEDXGBOOST_TUNEDXGBOOST	β₁	0.8154911470772509	false	-0.0015931593331909948	0.0017734864389556356	33483	0.3690211335936163	[-0.0051, 0.0019]	-0.005069254540381979	0.0018829358739999894													TT	CT			T/T:0  T/C:14  C/C:357	T/T:12  T/C:1343  C/C:31757	0.3690211335936163	β₁	-0.0015931593331909948	0.0017734864389556356	14	false
chr15:100729265:T:C	15:100729265:T:C	15	100729265	0.6366032411649215	WTMLE_TUNEDXGBOOST_TUNEDXGBOOST	joint	0.9231284568084774	false	-0.0006342061309292981	0.0011085000471220804	33510	0.5672377449299033	[-0.0028, 0.0015]	-0.0028069047792489564	0.00153849251739036	0.0020852716043202055	0.0023363178505252987	33510	0.3721066540731166	[-0.0025, 0.0067]	-0.0024939926447523682	0.006664535853392779	0.0027194777352495037	0.34211725985744434	[-0.0029, 0.0083]	-0.0028913123537735977	0.008330267824272606	CC	CT	CT	TT	T/T:227  T/C:123  C/C:21	T/T:20046  T/C:11431  C/C:1662	0.6366032411649215	joint	-0.0006342061309292981	0.0011085000471220804	21	false
chr15:61322139:C:T	15:61322139:C:T	15	61322139	0.0012526276335510303	WTMLE_TUNEDXGBOOST_TUNEDXGBOOST	β₁	0.044844069281126886	true	-0.004776906145042503	0.0014803426174374841	33511	0.0012526276335510303	[-0.0077, -0.0019]	-0.007678429161517779	-0.0018753831285672276													CC	TC			C/C:1  C/T:7  T/T:363	C/C:8  C/T:1106  T/T:32026	0.0012526276335510277	β₁	-0.004776906145042503	0.0014803426174374841	7	false
chr15:71227203:G:A	15:71227203:G:A	15	71227203	0.473218041000264	WTMLE_TUNEDXGBOOST_TUNEDXGBOOST	β₁	0.8274839143346915	false	-0.0013725764654191881	0.001913635883708588	33511	0.473218041000264	[-0.0051, 0.0024]	-0.0051233693537202345	0.002378216422881858													GG	AG			G/G:0  G/A:6  A/A:365	G/G:2  G/A:592  A/A:32546	0.473218041000264	β₁	-0.0013725764654191881	0.001913635883708588	6	false
chr16:26973716:A:C	16:26973716:A:C	16	26973716	0.7375464702774621	WTMLE_TUNEDXGBOOST_TUNEDXGBOOST	β₁	0.9231284568084774	false	0.0009012721125842688	0.002689505479688832	33511	0.7375464702774621	[-0.0044, 0.0062]	-0.004370252168572945	0.006172796393741483													AA	CA			A/A:0  A/C:10  C/C:361	A/A:2  A/C:739  C/C:32399	0.7375464702774618	β₁	0.0009012721125842688	0.002689505479688832	10	false
chr16:85989680:C:T	16:85989680:C:T	16	85989680	0.915702899982055	WTMLE_TUNEDXGBOOST_TUNEDXGBOOST	β₁	0.9529698784696967	false	0.00022615251247557204	0.0021365605941309697	33510	0.915702899982055	[-0.004, 0.0044]	-0.003961580566087089	0.0044138855910382324													CC	TC			C/C:0  C/T:17  T/T:354	C/C:15  C/T:1351  T/T:31773	0.915702899982055	β₁	0.00022615251247557204	0.0021365605941309697	17	false
chr16:10008215:C:T	16:10008215:C:T	16	10008215	0.0002519839780216809	WTMLE_TUNEDXGBOOST_TUNEDXGBOOST	β₁	0.01127628301647022	true	-0.0052786208774932624	0.0014419986091768965	33509	0.0002519839780216809	[-0.0081, -0.0025]	-0.008104988310268485	-0.0024522534447180403													CC	TC			C/C:1  C/T:4  T/T:366	C/C:7  C/T:789  T/T:32342	0.00025198397802168025	β₁	-0.0052786208774932624	0.0014419986091768965	4	false
chr16:77565542:T:C	16:77565542:T:C	16	77565542	0.7033868755668662	WTMLE_TUNEDXGBOOST_TUNEDXGBOOST	β₁	0.9231284568084774	false	-0.0007060584791342439	0.001854360417487161	33506	0.7033868755668662	[-0.0043, 0.0029]	-0.00434066941163482	0.002928552453366333													TT	CT			T/T:0  T/C:15  C/C:356	T/T:12  T/C:1458  C/C:31665	0.7033868755668662	β₁	-0.0007060584791342439	0.001854360417487161	15	false
chr16:62797128:C:T	16:62797128:C:T	16	62797128		WTMLE_TUNEDXGBOOST_TUNEDXGBOOST	none		false	-0.0046387588647938275	0.0014254258579735164	33511	0.0011378607637767427	[-0.0074, -0.0018]	-0.007432643122715516	-0.0018448746068721392													CC	TC			C/C:0  C/T:3  T/T:368	C/C:6  C/T:541  T/T:32593	0.0011378607637767403	β₁			3	true
chr16:16862418:A:G	16:16862418:A:G	16	16862418	0.7701355891408338	WTMLE_TUNEDXGBOOST_TUNEDXGBOOST	β₁	0.929166172811795	false	-0.0005784327904382792	0.0019795789395754375	33498	0.7701355891408338	[-0.0045, 0.0033]	-0.004458476416130067	0.003301610835253509													AA	GA			A/A:0  A/G:7  G/G:364	A/A:1  A/G:564  G/G:32562	0.7701355891408338	β₁	-0.0005784327904382792	0.0019795789395754375	7	false
chr16:28261692:T:C	16:28261692:T:C	16	28261692	0.00011708079318289069	WTMLE_TUNEDXGBOOST_TUNEDXGBOOST	β₁	0.007065841337676027	true	-0.0048883079640581065	0.001268828678865762	33506	0.00011708079318289069	[-0.0074, -0.0024]	-0.007375256317887328	-0.0024013596102288853													TT	CT			T/T:0  T/C:6  C/C:365	T/T:5  T/C:1063  C/C:32067	0.00011708079318289127	β₁	-0.0048883079640581065	0.001268828678865762	6	false
chr17:48173888:C:T	17:48173888:C:T	17	48173888	0.010850514426172589	WTMLE_TUNEDXGBOOST_TUNEDXGBOOST	β₁	0.2452003686025961	false	-0.0035879789877899986	0.0014083656608951975	33510	0.010850514426172589	[-0.0063, -0.0008]	-0.0063484246690609725	-0.0008275333065190247													CC	TC			C/C:0  C/T:12  T/T:359	C/C:18  C/T:1437  T/T:31684	0.010850514426172589	β₁	-0.0035879789877899986	0.0014083656608951975	12	false
chr17:54171483:G:C	17:54171483:G:C	17	54171483	0.22844645652459153	WTMLE_TUNEDXGBOOST_TUNEDXGBOOST	β₁	0.681531928631698	false	0.002298302009088526	0.001908266788536035	33510	0.22844645652459153	[-0.0014, 0.006]	-0.001441967269969903	0.006038571288146955													GG	CG			G/G:0  G/C:39  C/C:332	G/G:81  G/C:2976  C/C:30082	0.22844645652459153	β₁	0.002298302009088526	0.001908266788536035	39	false
chr17:13902431:G:A	17:13902431:G:A	17	13902431	0.20068800634911607	WTMLE_TUNEDXGBOOST_TUNEDXGBOOST	joint	0.6747499888647454	false	-0.0006013114817989983	0.0011653268892649405	33510	0.6058561315578253	[-0.0029, 0.0017]	-0.0028853927172756144	0.0016827697536776177	-0.003122139139534694	0.0021983372187941784	33510	0.15555074172559205	[-0.0074, 0.0012]	-0.00743095655115803	0.0011866782720886416	-0.0025208276577356956	0.3732430717979254	[-0.0081, 0.003]	-0.008069749903976393	0.003028094588505002	GG	AG	AG	AA	G/G:9  G/A:108  A/A:254	G/G:1147  G/A:9866  A/A:22126	0.20068800634911607	joint	-0.0006013114817989983	0.0011653268892649405	9	false
chr18:54597828:C:T	18:54597828:C:T	18	54597828	0.2512998098660904	WTMLE_TUNEDXGBOOST_TUNEDXGBOOST	β₁	0.7028541557192216	false	-0.001793979652924959	0.0015637655383348072	33509	0.2512998098660904	[-0.0049, 0.0013]	-0.004859014502416633	0.001271055196566715													CC	TC			C/C:0  C/T:7  T/T:364	C/C:4  C/T:744  T/T:32390	0.2512998098660904	β₁	-0.001793979652924959	0.0015637655383348072	7	false
chr18:49558959:G:A	18:49558959:G:A	18	49558959	0.82805458882065	WTMLE_TUNEDXGBOOST_TUNEDXGBOOST	β₁	0.9411635475019089	false	-0.0005069816037897884	0.0023341802281275016	33511	0.82805458882065	[-0.0051, 0.0041]	-0.005082056033678969	0.004068092826099393													GG	AG			G/G:0  G/A:4  A/A:367	G/G:2  G/A:638  A/A:32500	0.82805458882065	β₁	-0.0005069816037897884	0.0023341802281275016	4	false
chr18:64948739:A:G	18:64948739:A:G	18	64948739	0.6902750260472625	WTMLE_TUNEDXGBOOST_TUNEDXGBOOST	β₁	0.9231284568084774	false	0.0009066255593923558	0.002275179396617005	33510	0.6902750260472625	[-0.0036, 0.0054]	-0.003552805193496095	0.005366056312280806													AA	GA			A/A:0  A/G:9  G/G:362	A/A:7  A/G:707  G/G:32425	0.6902750260472628	β₁	0.0009066255593923558	0.002275179396617005	9	false
chr18:64473031:A:G	18:64473031:A:G	18	64473031	0.10054664196774929	WTMLE_TUNEDXGBOOST_TUNEDXGBOOST	β₁	0.5450862539632899	false	-0.002969159839376008	0.0018079778222778937	33508	0.10054664196774929	[-0.0065, 0.0006]	-0.006512859263947777	0.0005745395851957614													AA	GA			A/A:0  A/G:7  G/G:364	A/A:3  A/G:913  G/G:32221	0.10054664196774922	β₁	-0.002969159839376008	0.0018079778222778937	7	false
chr18:53691109:G:A	18:53691109:G:A	18	53691109	0.11413888460002906	WTMLE_TUNEDXGBOOST_TUNEDXGBOOST	β₁	0.5837388669544344	false	-0.003267917799321069	0.0020684314685233043	33509	0.11413888460002906	[-0.0073, 0.0008]	-0.007322115426390015	0.0007862798277478772													GG	AG			G/G:0  G/A:6  A/A:365	G/G:8  G/A:1077  A/A:32053	0.11413888460002927	β₁	-0.003267917799321069	0.0020684314685233043	6	false
chr19:5345633:A:G	19:5345633:A:G	19	5345633	0.5922926627085817	WTMLE_TUNEDXGBOOST_TUNEDXGBOOST	joint	0.9139688502141045	false	0.0009307902800132011	0.0011854702937674191	33473	0.432362145020727	[-0.0014, 0.0033]	-0.0013927728216963544	0.0032543533817227565	-0.002115651881998698	0.0023720971606196926	33473	0.37245782170592756	[-0.0068, 0.0025]	-0.006765045008982682	0.002533741244985286	-0.0030464421620118995	0.3104757244335449	[-0.0089, 0.0028]	-0.00893374166914995	0.0028408573451261503	AA	GA	GA	GG	A/A:10  A/G:112  G/G:249	A/A:940  A/G:9205  G/G:22957	0.5922926627085817	joint	0.0009307902800132011	0.0011854702937674191	10	false
chr2:170665250:T:G	2:170665250:T:G	2	170665250	0.4748056996320545	WTMLE_TUNEDXGBOOST_TUNEDXGBOOST	joint	0.8274839143346915	false	0.00109309225845438	0.0012203655258819514	33508	0.37041469223839485	[-0.0013, 0.0035]	-0.0012988666243080578	0.003485051141216818	-0.002699410581605348	0.0024532220450552067	33508	0.271186191914624	[-0.0075, 0.0021]	-0.007507811128496952	0.0021089899652862562	-0.003792502840059728	0.22355284164068118	[-0.0099, 0.0023]	-0.009899713329541784	0.0023147076494223285	TT	GT	GT	GG	T/T:6  T/G:100  G/G:264	T/T:694  T/G:8219  G/G:24225	0.4748056996320545	joint	0.00109309225845438	0.0012203655258819514	6	false
chr2:130900322:C:T	2:130900322:C:T	2	130900322	0.04865405769841629	WTMLE_TUNEDXGBOOST_TUNEDXGBOOST	joint	0.4505593874176363	false	-0.0006841022272658511	0.001091108203755816	33508	0.530677094328761	[-0.0028, 0.0015]	-0.002822712262273634	0.001454507807741932	0.00510752875292558	0.0020775244248554692	33508	0.013958115451843212	[0.001, 0.0092]	0.001035508610765598	0.00917954889508556	0.0057916309801914305	0.025861093315359684	[0.0007, 0.0109]	0.0006974618586314714	0.01088580010175139	TT	TC	TC	CC	C/C:181  C/T:144  T/T:46	C/C:16260  C/T:13826  T/T:3051	0.04865405769841629	joint	-0.0006841022272658511	0.001091108203755816	46	false
chr2:98543347:G:A	2:98543347:G:A	2	98543347	0.06598209113834609	WTMLE_TUNEDXGBOOST_TUNEDXGBOOST	β₁	0.47243177255055796	false	0.005936988731939038	0.003229071736440337	33509	0.06598209113834609	[-0.0004, 0.0123]	-0.00039210419220698633	0.012266081656085063													GG	AG			G/G:0  G/A:16  A/A:355	G/G:9  G/A:958  A/A:32171	0.06598209113834602	β₁	0.005936988731939038	0.003229071736440337	16	false
chr2:85152929:T:C	2:85152929:T:C	2	85152929	0.7256094114123373	WTMLE_TUNEDXGBOOST_TUNEDXGBOOST	β₁	0.9231284568084774	false	-0.000595482054685015	0.001696651565867828	33511	0.7256094114123373	[-0.0039, 0.0027]	-0.003920978133306299	0.002730014023936268													TT	CT			T/T:0  T/C:28  C/C:343	T/T:34  T/C:2389  C/C:30717	0.7256094114123373	β₁	-0.000595482054685015	0.001696651565867828	28	false
chr2:122654970:G:A	2:122654970:G:A	2	122654970	0.7477856214370349	WTMLE_TUNEDXGBOOST_TUNEDXGBOOST	β₁	0.9231284568084774	false	0.0005816472832459973	0.0018088116363348546	33510	0.7477856214370349	[-0.003, 0.0041]	-0.002963686438238989	0.004126981004730984													GG	AG			G/G:1  G/A:26  A/A:344	G/G:39  G/A:2154  A/A:30946	0.7477856214370349	β₁	0.0005816472832459973	0.0018088116363348546	26	false
chr2:225071871:A:C	2:225071871:A:C	2	225071871	0.8394078191755021	WTMLE_TUNEDXGBOOST_TUNEDXGBOOST	joint	0.9411635475019089	false	0.0002867438073505854	0.0011353851143321779	33510	0.8006159575370537	[-0.0019, 0.0025]	-0.0019386505078199817	0.0025121381225211526	0.0010489409460390992	0.002413593031213014	33510	0.6638575743272013	[-0.0037, 0.0058]	-0.0036817853449745202	0.005779667237052719	0.0007621971386885138	0.7967780217256532	[-0.005, 0.0066]	-0.005039006091100812	0.00656340036847784	CC	CA	CA	AA	A/A:223  A/C:127  C/C:21	A/A:20331  A/C:11238  C/C:1570	0.8394078191755021	joint	0.0002867438073505854	0.0011353851143321779	21	false
chr2:78396943:C:A	2:78396943:C:A	2	78396943	0.9851496216262335	WTMLE_TUNEDXGBOOST_TUNEDXGBOOST	β₁	0.9851496216262335	false	-4.030919180271751e-5	0.002165600361227124	33511	0.9851496216262335	[-0.0043, 0.0042]	-0.004284961219361486	0.004204342835756051													CC	AC			C/C:0  C/A:12  A/A:359	C/C:11  C/A:1185  A/A:31944	0.9851496216262335	β₁	-4.030919180271751e-5	0.002165600361227124	12	false
chr2:226784843:A:G	2:226784843:A:G	2	226784843	0.16659426862481824	WTMLE_TUNEDXGBOOST_TUNEDXGBOOST	β₁	0.6747499888647454	false	0.003961943543957289	0.0028642067019238196	33511	0.16659426862481824	[-0.0017, 0.0096]	-0.001652001208886836	0.009575888296801414													AA	GA			A/A:0  A/G:13  G/G:358	A/A:9  A/G:942  G/G:32189	0.16659426862481824	β₁	0.003961943543957289	0.0028642067019238196	13	false
chr2:161172602:T:G	2:161172602:T:G	2	161172602	0.9147996853712396	WTMLE_TUNEDXGBOOST_TUNEDXGBOOST	joint	0.9529698784696967	false	-8.468027988830066e-5	0.0011810110537607212	33504	0.9428398797414811	[-0.0024, 0.0022]	-0.0023995030382789355	0.002230142478502334	-0.0009173457977670848	0.002489862831661175	33504	0.7125532721585992	[-0.0058, 0.004]	-0.005797563582052083	0.003962871986517913	-0.0008326655178787841	0.78757273768124	[-0.0069, 0.0052]	-0.006889285621325568	0.005223954585568	TT	GT	GT	GG	T/T:11  T/G:102  G/G:258	T/T:957  T/G:9252  G/G:22924	0.9147996853712396	joint	-8.468027988830066e-5	0.0011810110537607212	11	false
chr2:108789019:T:G	2:108789019:T:G	2	108789019	0.05956892271453899	WTMLE_TUNEDXGBOOST_TUNEDXGBOOST	β₁	0.46360161590880344	false	-0.0030070385592278156	0.0015960632028068102	33511	0.05956892271453899	[-0.0061, 0.0001]	-0.006135377947787489	0.00012130082933185793													TT	GT			T/T:0  T/G:6  G/G:365	T/T:3  T/G:850  G/G:32287	0.05956892271453899	β₁	-0.0030070385592278156	0.0015960632028068102	6	false
chr2:175579306:C:A	2:175579306:C:A	2	175579306	0.13236997572527526	WTMLE_TUNEDXGBOOST_TUNEDXGBOOST	β₁	0.6403844771574128	false	0.0036758301911409357	0.002442637425189105	30964	0.13236997572527526	[-0.0011, 0.0085]	-0.001111838342609786	0.008463498724891657													CC	AC			C/C:0  C/A:16  A/A:324	C/C:9  C/A:955  A/A:29660	0.13236997572527526	β₁	0.0036758301911409357	0.002442637425189105	16	false
chr2:201151156:G:A	2:201151156:G:A	2	201151156	0.055129914419784126	WTMLE_TUNEDXGBOOST_TUNEDXGBOOST	β₁	0.4505593874176363	false	-0.0030645290482513403	0.001597841638641896	33510	0.055129914419784126	[-0.0062, 0.0001]	-0.006196354236278401	6.729613977572019e-5													GG	AG			G/G:0  G/A:12  A/A:359	G/G:9  G/A:1099  A/A:32031	0.05512991441978421	β₁	-0.0030645290482513403	0.001597841638641896	12	false
chr2:235119321:A:G	2:235119321:A:G	2	235119321	0.2173756885531545	WTMLE_TUNEDXGBOOST_TUNEDXGBOOST	β₁	0.6747499888647454	false	-0.0022286870257781782	0.0018067119965174921	33505	0.2173756885531545	[-0.0058, 0.0013]	-0.005769905399281521	0.0013125313477251642													AA	GA			A/A:0  A/G:13  G/G:358	A/A:22  A/G:1436  G/G:31676	0.21737568855315456	β₁	-0.0022286870257781782	0.0018067119965174921	13	false
chr20:20834151:A:G	20:20834151:A:G	20	20834151	0.40160922222426065	WTMLE_TUNEDXGBOOST_TUNEDXGBOOST	β₁	0.8252138881165145	false	0.0011355015220897643	0.0013537837789117085	33507	0.40160922222426065	[-0.0015, 0.0038]	-0.0015179617806027812	0.00378896482478231	0.000729992563977981	0.004011589657385881	33507	0.855606667052311	[-0.0071, 0.0086]	-0.0071328627214439465	0.008592847849399909	-0.00040550895811178333	0.9293019489247858	[-0.0094, 0.0086]	-0.009363778086130516	0.00855276016990695	AA	GA	GA	GG	A/A:3  A/G:78  G/G:290	A/A:358  A/G:6239  G/G:26539	0.6421605190049806	joint	0.0011355015220897643	0.0013537837789117085	78	false
chr20:56998169:T:C	20:56998169:T:C	20	56998169	0.0864797323197101	WTMLE_TUNEDXGBOOST_TUNEDXGBOOST	β₁	0.5189913305842728	false	0.0043614802931012265	0.0025441500964868266	33507	0.0864797323197101	[-0.0006, 0.0093]	-0.0006251424030256185	0.009348102989228071													TT	CT			T/T:0  T/C:18  C/C:353	T/T:9  T/C:1034  C/C:32093	0.0864797323197101	β₁	0.0043614802931012265	0.0025441500964868266	18	false
chr20:61028892:C:T	20:61028892:C:T	20	61028892	0.9289478818842279	WTMLE_TUNEDXGBOOST_TUNEDXGBOOST	β₁	0.9556417865360736	false	0.00017670246427574108	0.001981650953866214	33500	0.9289478818842279	[-0.0037, 0.0041]	-0.0037074023731670795	0.004060807301718562													CC	TC			C/C:0  C/T:21  T/T:349	C/C:27  C/T:1842  T/T:31261	0.9289478818842279	β₁	0.00017670246427574108	0.001981650953866214	21	false
chr21:17434008:C:T	21:17434008:C:T	21	17434008	0.7631527730645098	WTMLE_TUNEDXGBOOST_TUNEDXGBOOST	β₁	0.929166172811795	false	0.0005982582268079299	0.001985288808043163	33509	0.7631527730645098	[-0.0033, 0.0045]	-0.0032929768936678276	0.004489493347283688													CC	TC			C/C:0  C/T:18  T/T:353	C/C:28  C/T:1512  T/T:31598	0.7631527730645098	β₁	0.0005982582268079299	0.001985288808043163	18	false
chr21:21601024:A:C	21:21601024:A:C	21	21601024	0.39808813065961524	WTMLE_TUNEDXGBOOST_TUNEDXGBOOST	β₁	0.8252138881165145	false	-0.0016021144637090384	0.0018958779460871895	33509	0.39808813065961524	[-0.0053, 0.0021]	-0.005318101184664513	0.002113872257246436													AA	CA			A/A:0  A/C:7  C/C:364	A/A:7  A/C:721  C/C:32410	0.39808813065961524	β₁	-0.0016021144637090384	0.0018958779460871895	7	false
chr3:150006119:T:C	3:150006119:T:C	3	150006119	0.49027879778961414	WTMLE_TUNEDXGBOOST_TUNEDXGBOOST	β₁	0.8274839143346915	false	0.0015511700560845506	0.002248486202467258	33501	0.49027879778961414	[-0.0029, 0.006]	-0.002855941150592273	0.005958281262761374													TT	CT			T/T:0  T/C:17  C/C:354	T/T:13  T/C:1352  C/C:31765	0.49027879778961414	β₁	0.0015511700560845506	0.002248486202467258	17	false
chr3:186075329:T:C	3:186075329:T:C	3	186075329	0.00011842192186049207	WTMLE_TUNEDXGBOOST_TUNEDXGBOOST	β₁	0.007065841337676027	true	-0.005043776733836599	0.0013101315812211246	33506	0.00011842192186049207	[-0.0076, -0.0025]	-0.007611680213233174	-0.0024758732544400237													TT	CT			T/T:0  T/C:5  C/C:366	T/T:6  T/C:869  C/C:32260	0.00011842192186049145	β₁	-0.005043776733836599	0.0013101315812211246	5	false
chr3:107867577:C:T	3:107867577:C:T	3	107867577	0.22240362761463672	WTMLE_TUNEDXGBOOST_TUNEDXGBOOST	joint	0.6747499888647454	false	-0.0008841632970464289	0.001286181448409371	33510	0.4918148004584275	[-0.0034, 0.0016]	-0.0034051236720215876	0.0016367970779287296	-0.001605336861623417	0.0012819370273754898	33510	0.21047865094211005	[-0.0041, 0.0009]	-0.004117978023742288	0.0009073043004954541	-0.0007211735645769882	0.7323802347948015	[-0.0049, 0.0034]	-0.00485472519789953	0.0034123780687455537	TT	TC	TC	CC	C/C:114  C/T:186  T/T:71	C/C:9208  C/T:16555  T/T:7376	0.22240362761463672	joint	-0.0008841632970464289	0.001286181448409371	71	false
chr3:161444818:G:A	3:161444818:G:A	3	161444818	0.740418891821447	WTMLE_TUNEDXGBOOST_TUNEDXGBOOST	β₁	0.9231284568084774	false	-0.000744744057399323	0.0022479350025525068	33495	0.740418891821447	[-0.0052, 0.0037]	-0.005150774921578987	0.0036612868067803415													GG	AG			G/G:0  G/A:13  A/A:358	G/G:23  G/A:1475  A/A:31626	0.740418891821447	β₁	-0.000744744057399323	0.0022479350025525068	13	false
chr3:14166974:T:C	3:14166974:T:C	3	14166974	0.8515381961249565	WTMLE_TUNEDXGBOOST_TUNEDXGBOOST	β₁	0.9411635475019089	false	-0.00040458359038499894	0.0021617266695659124	33486	0.8515381961249565	[-0.0046, 0.0038]	-0.004641643161826903	0.003832475981056906													TT	CT			T/T:0  T/C:6  C/C:365	T/T:6  T/C:617  C/C:32492	0.8515381961249565	β₁	-0.00040458359038499894	0.0021617266695659124	6	false
chr3:103294739:T:G	3:103294739:T:G	3	103294739	0.07775818187028596	WTMLE_TUNEDXGBOOST_TUNEDXGBOOST	joint	0.5155079464733773	false	0.001408266746000318	0.0011666430830547813	33486	0.2273982404859562	[-0.0009, 0.0037]	-0.0008783943342861949	0.003694927826286831	-0.0043173241932505345	0.001934626272941465	33486	0.02564758555122624	[-0.0081, -0.0005]	-0.008109259076755323	-0.0005253893097457453	-0.0057255909392508525	0.02903054080733512	[-0.0109, -0.0006]	-0.010865997147383061	-0.0005851847311186438	TT	GT	GT	GG	T/T:13  T/G:142  G/G:216	T/T:1776  T/G:11650  G/G:19689	0.07775818187028596	joint	0.001408266746000318	0.0011666430830547813	13	false
chr3:157644673:G:C	3:157644673:G:C	3	157644673	0.46120353959005933	WTMLE_TUNEDXGBOOST_TUNEDXGBOOST	β₁	0.8274839143346915	false	0.0018569575027222647	0.0025200441765820835	33509	0.46120353959005933	[-0.0031, 0.0068]	-0.0030824167411350636	0.0067963317465795925													GG	CG			G/G:0  G/C:6  C/C:365	G/G:3  G/C:567  C/C:32568	0.46120353959005933	β₁	0.0018569575027222647	0.0025200441765820835	6	false
chr3:155444849:T:C	3:155444849:T:C	3	155444849	0.027975387058621813	WTMLE_TUNEDXGBOOST_TUNEDXGBOOST	β₁	0.3576853059638075	false	0.007058887474697009	0.0032119037701159804	33506	0.027975387058621813	[0.0008, 0.0134]	0.0007634443413589943	0.013354330608035023													TT	CT			T/T:0  T/C:12  C/C:359	T/T:5  T/C:750  C/C:32380	0.02797538705862179	β₁	0.007058887474697009	0.0032119037701159804	12	false
chr3:116619104:G:T	3:116619104:G:T	3	116619104	0.8269116881013306	WTMLE_TUNEDXGBOOST_TUNEDXGBOOST	joint	0.9411635475019089	false	-0.0006777936148480503	0.0011334511707968965	33510	0.5498499704315204	[-0.0029, 0.0015]	-0.0028993973334228472	0.0015438101037267464	0.0007638048754103528	0.002311359776944153	33510	0.7410567908892072	[-0.0038, 0.0053]	-0.003766540681348944	0.005294150432169649	0.001441598490258403	0.616251469395992	[-0.0042, 0.0071]	-0.004196322128496979	0.007079519109013785	GG	TG	TG	TT	G/G:17  G/T:113  T/T:241	G/G:1399  G/T:10785  T/T:20955	0.8269116881013306	joint	-0.0006777936148480503	0.0011334511707968965	17	false
chr3:107966279:G:A	3:107966279:G:A	3	107966279	0.9639620071382141	WTMLE_TUNEDXGBOOST_TUNEDXGBOOST	β₁	0.9717094439808299	false	-9.122227159665909e-5	0.002018967640048424	33508	0.9639620071382141	[-0.004, 0.0039]	-0.004048469078559389	0.0038660245353660705													GG	AG			G/G:0  G/A:10  A/A:361	G/G:5  G/A:866  A/A:32266	0.9639620071382141	β₁	-9.122227159665909e-5	0.002018967640048424	10	false
chr3:134783041:A:G	3:134783041:A:G	3	134783041	0.47782798697102624	WTMLE_TUNEDXGBOOST_TUNEDXGBOOST	β₁	0.8274839143346915	false	0.001290000827384618	0.0018173933791917867	33510	0.47782798697102624	[-0.0023, 0.0049]	-0.0022721534085910003	0.004852155063360237													AA	GA			A/A:2  A/G:24  G/G:345	A/A:35  A/G:1785  G/G:31319	0.47782798697102624	β₁	0.001290000827384618	0.0018173933791917867	24	false
chr3:95132680:T:C	3:95132680:T:C	3	95132680	0.3276347057262434	WTMLE_TUNEDXGBOOST_TUNEDXGBOOST	β₁	0.7836403002363924	false	0.0022499834233336343	0.002298473045078001	33507	0.3276347057262434	[-0.0023, 0.0068]	-0.0022551037053105813	0.00675507055197785													TT	CT			T/T:0  T/C:13  C/C:358	T/T:2  T/C:823  C/C:32311	0.32763470572624354	β₁	0.0022499834233336343	0.002298473045078001	13	false
chr3:30831160:G:A	3:30831160:G:A	3	30831160	0.6797556603234708	WTMLE_TUNEDXGBOOST_TUNEDXGBOOST	joint	0.9231284568084774	false	-0.0008116035323372768	0.0011685348925287865	33509	0.487343446866616	[-0.0031, 0.0015]	-0.003101972568261706	0.0014787655035871524	0.0019587128665822266	0.0027295506237976757	33509	0.4730118210180452	[-0.0034, 0.0073]	-0.0033913013013347993	0.0073087270344992525	0.0027703163989195034	0.3965860035216764	[-0.0036, 0.0092]	-0.0036348124059788637	0.00917544520381787	GG	AG	AG	AA	G/G:16  G/A:98  A/A:257	G/G:1084  G/A:9658  A/A:22396	0.6797556603234708	joint	-0.0008116035323372768	0.0011685348925287865	16	false
chr3:109927244:C:T	3:109927244:C:T	3	109927244	0.5077821737936852	WTMLE_TUNEDXGBOOST_TUNEDXGBOOST	β₁	0.8274839143346915	false	0.0015849145615626148	0.0023930386359609654	33507	0.5077821737936852	[-0.0031, 0.0063]	-0.0031055244150015836	0.006275353538126813													CC	TC			C/C:0  C/T:12  T/T:358	C/C:3  C/T:731  T/T:32403	0.5077821737936852	β₁	0.0015849145615626148	0.0023930386359609654	12	false
chr4:29280938:G:A	4:29280938:G:A	4	29280938	0.21366630387596822	WTMLE_TUNEDXGBOOST_TUNEDXGBOOST	β₁	0.6747499888647454	false	0.0023364547784340936	0.0018788274523961605	33509	0.21366630387596822	[-0.0013, 0.006]	-0.0013461123817989393	0.006019021938667126													GG	AG			G/G:0  G/A:35  A/A:336	G/G:62  G/A:2620  A/A:30456	0.21366630387596822	β₁	0.0023364547784340936	0.0018788274523961605	35	false
chr4:57695831:A:C	4:57695831:A:C	4	57695831	0.6866833580608731	WTMLE_TUNEDXGBOOST_TUNEDXGBOOST	β₁	0.9231284568084774	false	-0.0008060119763531915	0.0019982270039489458	33493	0.6866833580608731	[-0.0047, 0.0031]	-0.004722606478436701	0.0031105825257303175													AA	CA			A/A:0  A/C:15  C/C:356	A/A:16  A/C:1310  C/C:31796	0.6866833580608731	β₁	-0.0008060119763531915	0.0019982270039489458	15	false
chr4:176683077:G:A	4:176683077:G:A	4	176683077	0.8117121249630435	WTMLE_TUNEDXGBOOST_TUNEDXGBOOST	β₁	0.9411635475019089	false	0.0004788884723482166	0.002010280387155198	33479	0.8117121249630435	[-0.0035, 0.0044]	-0.0034613311400435256	0.004419108084739959													GG	AG			G/G:0  G/A:14  A/A:356	G/G:10  G/A:1152  A/A:31947	0.8117121249630436	β₁	0.0004788884723482166	0.002010280387155198	14	false
chr4:49063914:C:T	4:49063914:C:T	4	49063914	0.1174614091863917	WTMLE_TUNEDXGBOOST_TUNEDXGBOOST	β₁	0.5840442290101142	false	0.0037891976907389376	0.002420348525859058	33506	0.1174614091863917	[-0.001, 0.0085]	-0.0009547696252102519	0.008533165006688128													CC	TC			C/C:0  C/T:18  T/T:353	C/C:12  C/T:1212  T/T:31911	0.11746140918639184	β₁	0.0037891976907389376	0.002420348525859058	18	false
chr4:175752217:C:T	4:175752217:C:T	4	175752217	0.033341863421056314	WTMLE_TUNEDXGBOOST_TUNEDXGBOOST	β₁	0.3618231714847788	false	-0.004539489854502116	0.002133188719306453	33509	0.033341863421056314	[-0.0087, -0.0004]	-0.008720613945636117	-0.0003583657633681155													CC	TC			C/C:0  C/T:5  T/T:366	C/C:18  C/T:1191  T/T:31929	0.03334186342105635	β₁	-0.004539489854502116	0.002133188719306453	5	false
chr4:185496535:A:G	4:185496535:A:G	4	185496535	0.5522004413362254	WTMLE_TUNEDXGBOOST_TUNEDXGBOOST	β₁	0.8747245929131358	false	0.0012873693946847474	0.002165567555533935	33510	0.5522004413362254	[-0.003, 0.0055]	-0.0029572183371507806	0.005531957126520276													AA	GA			A/A:0  A/G:19  G/G:352	A/A:23  A/G:1582  G/G:31534	0.5522004413362254	β₁	0.0012873693946847474	0.002165567555533935	19	false
chr4:21926734:A:G	4:21926734:A:G	4	21926734	0.35900851268872025	WTMLE_TUNEDXGBOOST_TUNEDXGBOOST	β₁	0.8154911470772509	false	0.0021790296024911727	0.002375563290712957	33503	0.35900851268872025	[-0.0025, 0.0068]	-0.0024771571095295463	0.006835216314511892													AA	GA			A/A:0  A/G:16  G/G:355	A/A:21  A/G:1194  G/G:31917	0.35900851268872014	β₁	0.0021790296024911727	0.002375563290712957	16	false
chr4:51853931:G:A	4:51853931:G:A	4	51853931	0.6819015976394956	WTMLE_TUNEDXGBOOST_TUNEDXGBOOST	β₁	0.9231284568084774	false	0.0009034779849154223	0.002204286642881377	33510	0.6819015976394956	[-0.0034, 0.0052]	-0.003417000504852291	0.005223956474683136													GG	AG			G/G:0  G/A:11  A/A:360	G/G:5  G/A:839  A/A:32295	0.6819015976394956	β₁	0.0009034779849154223	0.002204286642881377	11	false
chr4:3695685:T:G	4:3695685:T:G	4	3695685	0.08988118015705283	WTMLE_TUNEDXGBOOST_TUNEDXGBOOST	β₁	0.5189913305842728	false	0.006711690015341861	0.003957192033918927	33509	0.08988118015705283	[-0.001, 0.0145]	-0.0010445440189545937	0.014467924049638314													TT	GT			T/T:0  T/G:16  G/G:355	T/T:20  T/G:1148  G/G:31970	0.08988118015705278	β₁	0.006711690015341861	0.003957192033918927	16	false
chr4:163789816:T:C	4:163789816:T:C	4	163789816	0.7378509488215677	WTMLE_TUNEDXGBOOST_TUNEDXGBOOST	β₁	0.9231284568084774	false	-0.0006793436999978968	0.002029688795106245	33472	0.7378509488215677	[-0.0047, 0.0033]	-0.004657604498392412	0.003298917098396618													TT	CT			T/T:0  T/C:10  C/C:361	T/T:12  T/C:752  C/C:32337	0.7378509488215677	β₁	-0.0006793436999978968	0.002029688795106245	10	false
chr4:51998310:C:T	4:51998310:C:T	4	51998310	0.16071319866694034	WTMLE_TUNEDXGBOOST_TUNEDXGBOOST	β₁	0.6747499888647454	false	0.0032756511739821153	0.0023352338487949422	33511	0.16071319866694034	[-0.0013, 0.0079]	-0.0013014883890601634	0.007852790737024395													CC	TC			C/C:0  C/T:19  T/T:352	C/C:16  C/T:1332  T/T:31792	0.1607131986669404	β₁	0.0032756511739821153	0.0023352338487949422	19	false
chr4:38268412:T:G	4:38268412:T:G	4	38268412	0.48699433381412127	WTMLE_TUNEDXGBOOST_TUNEDXGBOOST	β₁	0.8274839143346915	false	0.0015138970318594295	0.002177940030698214	33371	0.48699433381412127	[-0.0028, 0.0058]	-0.0027549418239386798	0.005782735887657538													TT	GT			T/T:1  T/G:18  G/G:351	T/T:11  T/G:1303  G/G:31687	0.48699433381412127	β₁	0.0015138970318594295	0.002177940030698214	18	false
chr4:21935603:T:C	4:21935603:T:C	4	21935603	0.1758775823065036	WTMLE_TUNEDXGBOOST_TUNEDXGBOOST	β₁	0.6747499888647454	false	0.0035186238712903036	0.002599482778868771	33501	0.1758775823065036	[-0.0016, 0.0086]	-0.0015764528402079053	0.008613700582788512													TT	CT			T/T:0  T/C:16  C/C:354	T/T:21  T/C:1195  C/C:31915	0.17587758230650366	β₁	0.0035186238712903036	0.002599482778868771	16	false
chr4:142724703:G:A	4:142724703:G:A	4	142724703	0.625208117635181	WTMLE_TUNEDXGBOOST_TUNEDXGBOOST	β₁	0.9231284568084774	false	0.00106657939310879	0.002183434480137494	33505	0.625208117635181	[-0.0032, 0.0053]	-0.003213028155469721	0.005346186941687301													GG	AG			G/G:0  G/A:17  A/A:354	G/G:14  G/A:1386  A/A:31734	0.625208117635181	β₁	0.00106657939310879	0.002183434480137494	17	false
chr4:10582305:C:G	4:10582305:C:G	4	10582305	0.9035451326543512	WTMLE_TUNEDXGBOOST_TUNEDXGBOOST	β₁	0.9529698784696967	false	0.0001901369764925219	0.0015689794994265312	33506	0.9035451326543512	[-0.0029, 0.0033]	-0.002885117428049057	0.003265391381034101													CC	GC			C/C:1  C/G:39  G/G:331	C/C:101  C/G:3370  G/G:29664	0.9035451326543512	β₁	0.0001901369764925219	0.0015689794994265312	39	false
chr5:51093537:T:G	5:51093537:T:G	5	51093537	0.6647262486638683	WTMLE_TUNEDXGBOOST_TUNEDXGBOOST	joint	0.9231284568084774	false	0.0009535760215179786	0.001203160601201903	33510	0.4280402899631012	[-0.0014, 0.0033]	-0.0014046606052910658	0.003311812648327023	-0.0017931989970459844	0.0026927032345534134	33510	0.505449239853883	[-0.0071, 0.0035]	-0.007070990994646015	0.0034845930005540466	-0.0027467750185639628	0.4028294241368158	[-0.0092, 0.0037]	-0.009182160376395885	0.0036886103392679585	GG	GT	GT	TT	T/T:254  T/G:109  G/G:8	T/T:23312  T/G:8948  G/G:879	0.6647262486638683	joint	0.0009535760215179786	0.001203160601201903	8	false
chr5:160173275:G:A	5:160173275:G:A	5	160173275	0.08477556391779507	WTMLE_TUNEDXGBOOST_TUNEDXGBOOST	joint	0.5189913305842728	false	-0.0023530325224583887	0.0011153981732640265	33199	0.0349011751636858	[-0.0045, -0.0002]	-0.004539252477744563	-0.00016681256717221383	0.003382215427293339	0.0027452160250646426	33199	0.2179429398949986	[-0.002, 0.0088]	-0.0019985052870009107	0.00876293614158759	0.0057352479497517275	0.07543425721034193	[-0.0006, 0.0121]	-0.000587647044344124	0.012058142943847579	GG	AG	AG	AA	G/G:12  G/A:81  A/A:270	G/G:882  G/A:8950  A/A:23004	0.08477556391779507	joint	-0.0023530325224583887	0.0011153981732640265	12	false
chr5:17204086:A:G	5:17204086:A:G	5	17204086	0.17853487134840018	WTMLE_TUNEDXGBOOST_TUNEDXGBOOST	β₁	0.6747499888647454	false	-0.0024679334754021437	0.0018344745879494836	33508	0.17853487134840018	[-0.0061, 0.0011]	-0.006063567482415376	0.0011277005316110878													AA	GA			A/A:0  A/G:12  G/G:359	A/A:24  A/G:1393  G/G:31720	0.17853487134840007	β₁	-0.0024679334754021437	0.0018344745879494836	12	false
chr5:111436706:C:T	5:111436706:C:T	5	111436706	0.5085096680269053	WTMLE_TUNEDXGBOOST_TUNEDXGBOOST	joint	0.8274839143346915	false	0.0007638948350591798	0.0011696125288854383	33508	0.5136847785402034	[-0.0015, 0.0031]	-0.0015285864080797605	0.0030563760781981203	-0.0027318757157924266	0.002431885451792617	33508	0.2612939231967342	[-0.0075, 0.002]	-0.007498455797667652	0.002034704366082799	-0.003495770550851606	0.24780032956404302	[-0.0094, 0.0024]	-0.009424351427036477	0.0024328103253332635	CC	TC	TC	TT	C/C:11  C/T:122  T/T:238	C/C:1258  C/T:10138  T/T:21741	0.5085096680269053	joint	0.0007638948350591798	0.0011696125288854383	11	false
chr5:18086153:A:G	5:18086153:A:G	5	18086153	0.08963317337412217	WTMLE_TUNEDXGBOOST_TUNEDXGBOOST	β₁	0.5189913305842728	false	-0.003341824287717963	0.0019688073897262456	33489	0.08963317337412217	[-0.0072, 0.0005]	-0.007200755338248809	0.000517106762812883													AA	GA			A/A:0  A/G:5  G/G:365	A/A:10  A/G:769  G/G:32340	0.08963317337412206	β₁	-0.003341824287717963	0.0019688073897262456	5	false
chr5:22528282:G:T	5:22528282:G:T	5	22528282	0.36215552516828875	WTMLE_TUNEDXGBOOST_TUNEDXGBOOST	β₁	0.8154911470772509	false	0.0017529555920196697	0.0019236235153488501	33507	0.36215552516828875	[-0.002, 0.0055]	-0.0020174134179250826	0.005523324601964422													GG	TG			G/G:1  G/T:25  T/T:345	G/G:39  G/T:1878  T/T:31219	0.3621555251682893	β₁	0.0017529555920196697	0.0019236235153488501	25	false
chr5:83224446:A:G	5:83224446:A:G	5	83224446	0.36637575451117255	WTMLE_TUNEDXGBOOST_TUNEDXGBOOST	β₁	0.8154911470772509	false	-0.0016789200876984088	0.0018586616497533882	33505	0.36637575451117255	[-0.0053, 0.002]	-0.005321961589011099	0.0019641214136142814													AA	GA			A/A:0  A/G:12  G/G:359	A/A:20  A/G:1291  G/G:31823	0.36637575451117255	β₁	-0.0016789200876984088	0.0018586616497533882	12	false
chr5:145552834:A:G	5:145552834:A:G	5	145552834	0.15709798910022532	WTMLE_TUNEDXGBOOST_TUNEDXGBOOST	joint	0.6747499888647454	false	0.0005001978258229127	0.0011638478967269342	33510	0.6673588983564993	[-0.0018, 0.0028]	-0.0017809845328367433	0.0027813801844825685	-0.0038175255371088123	0.002014130347522745	33510	0.05805178085140211	[-0.0078, 0.0001]	-0.007765291073938174	0.00013023999972054884	-0.004317723362931725	0.10831562620118958	[-0.0096, 0.001]	-0.009587749793769595	0.0009523030679061432	AA	GA	GA	GG	A/A:9  A/G:118  G/G:244	A/A:1243  A/G:10135  G/G:21761	0.15709798910022532	joint	0.0005001978258229127	0.0011638478967269342	9	false
chr6:139937127:A:T	6:139937127:A:T	6	139937127	0.9371572755851189	WTMLE_TUNEDXGBOOST_TUNEDXGBOOST	β₁	0.9585780133127787	false	-0.000170551863084683	0.0021631592988397117	33511	0.9371572755851189	[-0.0044, 0.0041]	-0.004410419323464004	0.004069315597294638													AA	TA			A/A:0  A/T:8  T/T:363	A/A:1  A/T:624  T/T:32515	0.9371572755851189	β₁	-0.000170551863084683	0.0021631592988397117	8	false
chr6:32443935:G:A	6:32443935:G:A	6	32443935	0.7434647532958143	WTMLE_TUNEDXGBOOST_TUNEDXGBOOST	β₁	0.9231284568084774	false	-0.0007018327191601326	0.002144498315729399	33511	0.7434647532958143	[-0.0049, 0.0035]	-0.0049051240036144805	0.003501458565294215													GG	AG			G/G:0  G/A:6  A/A:365	G/G:4  G/A:655  A/A:32481	0.7434647532958143	β₁	-0.0007018327191601326	0.002144498315729399	6	false
chr6:33000620:C:A	6:33000620:C:A	6	33000620	0.348892025338039	WTMLE_TUNEDXGBOOST_TUNEDXGBOOST	β₁	0.8154911470772509	false	-0.002208090331575605	0.0023571728248170023	33508	0.348892025338039	[-0.0068, 0.0024]	-0.006828231065600779	0.002412050402449569													CC	AC			C/C:0  C/A:10  A/A:361	C/C:17  C/A:1132  A/A:31988	0.34889202533803954	β₁	-0.002208090331575605	0.0023571728248170023	10	false
chr6:115909921:T:C	6:115909921:T:C	6	115909921	0.8430332870928445	WTMLE_TUNEDXGBOOST_TUNEDXGBOOST	β₁	0.9411635475019089	false	-0.0003866755904403717	0.0019527434329698955	33510	0.8430332870928445	[-0.0042, 0.0034]	-0.004214120639580298	0.003440769458699554													TT	CT			T/T:0  T/C:16  C/C:355	T/T:12  T/C:1189  C/C:31938	0.8430332870928445	β₁	-0.0003866755904403717	0.0019527434329698955	16	false
chr6:32405509:G:A	6:32405509:G:A	6	32405509	0.44988212291133234	WTMLE_TUNEDXGBOOST_TUNEDXGBOOST	β₁	0.8274839143346915	false	-0.0014091067903846028	0.0018648341940990134	33509	0.44988212291133234	[-0.0051, 0.0022]	-0.005064246677610734	0.0022460330968415276													GG	AG			G/G:0  G/A:7  A/A:364	G/G:3  G/A:656  A/A:32479	0.44988212291133234	β₁	-0.0014091067903846028	0.0018648341940990134	7	false
chr6:50054912:G:A	6:50054912:G:A	6	50054912	0.9496877358117886	WTMLE_TUNEDXGBOOST_TUNEDXGBOOST	β₁	0.965875594944944	false	9.344041286409611e-5	0.0014808449293151258	33508	0.9496877358117886	[-0.0028, 0.003]	-0.0028090671617489764	0.0029959479874771683													GG	AG			G/G:6  G/A:50  A/A:315	G/G:159  G/A:4381  A/A:28597	0.9496877358117886	β₁	9.344041286409611e-5	0.0014808449293151258	50	false
chr6:33004430:C:T	6:33004430:C:T	6	33004430	0.7838217435451456	WTMLE_TUNEDXGBOOST_TUNEDXGBOOST	β₁	0.929166172811795	false	-0.0008331972071274921	0.0030370495839744578	33509	0.7838217435451456	[-0.0068, 0.0051]	-0.00678592003310071	0.005119525618845725													CC	TC			C/C:0  C/T:10  T/T:361	C/C:17  C/T:1136  T/T:31985	0.7838217435451456	β₁	-0.0008331972071274921	0.0030370495839744578	10	false
chr6:144548649:A:G	6:144548649:A:G	6	144548649	0.6936079725864805	WTMLE_TUNEDXGBOOST_TUNEDXGBOOST	joint	0.9231284568084774	false	-0.0008613331467583719	0.001118133242298935	33103	0.4411088318965425	[-0.0031, 0.0013]	-0.0030529141660342457	0.0013302478725175017	-0.00028242996059719126	0.002198824544341488	33103	0.8977969026225848	[-0.0046, 0.004]	-0.004592204461343484	0.004027344540149102	0.0005789031861611806	0.8329575910044463	[-0.0048, 0.006]	-0.004800939190597018	0.005958745562919379	AA	GA	GA	GG	A/A:17  A/G:131  G/G:219	A/A:1952  A/G:12230  G/G:18554	0.6936079725864805	joint	-0.0008613331467583719	0.001118133242298935	17	false
chr6:144548904:T:C	6:144548904:T:C	6	144548904	0.8380511585962434	WTMLE_TUNEDXGBOOST_TUNEDXGBOOST	joint	0.9411635475019089	false	-0.0005418248165297531	0.0011183077085080589	33509	0.6280312290993697	[-0.0027, 0.0017]	-0.002733746824660428	0.001650097191600922	-0.0004087887402265826	0.0022212702361250067	33509	0.8539880747611331	[-0.0048, 0.0039]	-0.004762555668171296	0.003944978187718131	0.0001330360763031705	0.9616826193389479	[-0.0053, 0.0056]	-0.0052945556268911885	0.00556062777949753	TT	CT	CT	CC	T/T:17  T/C:131  C/C:223	T/T:1950  T/C:12228  C/C:18960	0.8380511585962434	joint	-0.0005418248165297531	0.0011183077085080589	17	false
chr6:33004386:G:A	6:33004386:G:A	6	33004386	0.5221234327500144	WTMLE_TUNEDXGBOOST_TUNEDXGBOOST	β₁	0.8419828329932664	false	-0.001720821811178462	0.0026884381096982405	33509	0.5221234327500144	[-0.007, 0.0035]	-0.006990254021394098	0.0035486103990371737													GG	AG			G/G:0  G/A:10  A/A:361	G/G:17  G/A:1139  A/A:31982	0.5221234327500144	β₁	-0.001720821811178462	0.0026884381096982405	10	false
chr6:48059759:C:T	6:48059759:C:T	6	48059759	0.02545320736530961	WTMLE_TUNEDXGBOOST_TUNEDXGBOOST	β₁	0.35047108603003235	false	-0.0035395693029820294	0.0015840159786798993	33510	0.02545320736530961	[-0.0066, -0.0004]	-0.006644295716598078	-0.00043484288936598055													CC	TC			C/C:0  C/T:8  T/T:363	C/C:6  C/T:1044  T/T:32089	0.025453207365309503	β₁	-0.0035395693029820294	0.0015840159786798993	8	false
chr6:43302413:C:T	6:43302413:C:T	6	43302413	0.9662808996010487	WTMLE_TUNEDXGBOOST_TUNEDXGBOOST	joint	0.9717094439808299	false	-0.0002513846747226447	0.0011227112197867977	33509	0.8228298046054521	[-0.0025, 0.0019]	-0.002451937718132328	0.0019491683686870384	-9.494669365055012e-5	0.0017609801653545533	33509	0.9570016471998621	[-0.0035, 0.0034]	-0.003546529072056757	0.003356635684755657	0.00015643798107209454	0.9476343916834434	[-0.0045, 0.0048]	-0.00451213872692705	0.00482501468907124	CC	TC	TC	TT	C/C:35  C/T:158  T/T:178	C/C:3306  C/T:14346  T/T:15486	0.9662808996010487	joint	-0.0002513846747226447	0.0011227112197867977	35	false
chr6:48021594:C:T	6:48021594:C:T	6	48021594	0.011834059678709744	WTMLE_TUNEDXGBOOST_TUNEDXGBOOST	β₁	0.2452003686025961	false	-0.0036786768670539695	0.0014614193148810718	32889	0.011834059678709744	[-0.0065, -0.0008]	-0.006543111509177127	-0.000814242224930812													CC	TC			C/C:0  C/T:8  T/T:356	C/C:6  C/T:1005  T/T:31514	0.011834059678709765	β₁	-0.0036786768670539695	0.0014614193148810718	8	false
chr6:13486942:C:T	6:13486942:C:T	6	13486942	0.024451146852796316	WTMLE_TUNEDXGBOOST_TUNEDXGBOOST	β₁	0.35047108603003235	false	0.0053469198955083804	0.0023763379706693817	33505	0.024451146852796316	[0.0007, 0.01]	0.0006892147938604388	0.010004624997156323													CC	TC			C/C:1  C/T:28  T/T:342	C/C:20  C/T:1562  T/T:31552	0.024451146852796358	β₁	0.0053469198955083804	0.0023763379706693817	28	false
chr6:32445783:T:C	6:32445783:T:C	6	32445783	0.647915212284248	WTMLE_TUNEDXGBOOST_TUNEDXGBOOST	β₁	0.9231284568084774	false	-0.0009776712403689004	0.0021408963498739737	33500	0.647915212284248	[-0.0052, 0.0032]	-0.0051739025962419674	0.0032185601155041666													TT	CT			T/T:0  T/C:6  C/C:364	T/T:4  T/C:681  C/C:32445	0.647915212284248	β₁	-0.0009776712403689004	0.0021408963498739737	6	false
chr6:61557400:C:T	6:61557400:C:T	6	61557400		WTMLE_TUNEDXGBOOST_TUNEDXGBOOST	none		false	-0.005386502158378841	0.0007655025736184996	33511	2.0082910679208974e-12	[-0.0069, -0.0039]	-0.006886913826841081	-0.0038860904899166004													CC	TC			C/C:0  C/T:3  T/T:368	C/C:1  C/T:562  T/T:32577	2.0082910679208974e-12	β₁			3	true
chr6:68780005:A:G	6:68780005:A:G	6	68780005	0.49896969086754694	WTMLE_TUNEDXGBOOST_TUNEDXGBOOST	β₁	0.8274839143346915	false	-0.0013283206250085144	0.0019646251735248774	33507	0.49896969086754694	[-0.0052, 0.0025]	-0.005179054311362	0.002522413061344972													AA	GA			A/A:0  A/G:14  G/G:357	A/A:25  A/G:1802  G/G:31309	0.49896969086754694	β₁	-0.0013283206250085144	0.0019646251735248774	14	false
chr7:52615185:A:G	7:52615185:A:G	7	52615185	0.32148822981743763	WTMLE_TUNEDXGBOOST_TUNEDXGBOOST	β₁	0.7836403002363924	false	0.002445502996938638	0.0024666697132202904	33508	0.32148822981743763	[-0.0024, 0.0073]	-0.002389255447351508	0.007280261441228784													AA	GA			A/A:1  A/G:16  G/G:354	A/A:8  A/G:1186  G/G:31943	0.32148822981743763	β₁	0.002445502996938638	0.0024666697132202904	16	false
chr7:81392800:G:A	7:81392800:G:A	7	81392800	0.9252933141017445	WTMLE_TUNEDXGBOOST_TUNEDXGBOOST	β₁	0.9556417865360736	false	0.00025073746157797686	0.0026739944347006057	33505	0.9252933141017445	[-0.005, 0.0055]	-0.004990384665833429	0.005491859588989383													GG	AG			G/G:0  G/A:6  A/A:365	G/G:5  G/A:613  A/A:32516	0.9252933141017445	β₁	0.00025073746157797686	0.0026739944347006057	6	false
chr7:8457168:G:A	7:8457168:G:A	7	8457168	0.19763662892056857	WTMLE_TUNEDXGBOOST_TUNEDXGBOOST	β₁	0.6747499888647454	false	-0.0021564151874127126	0.0016737939209565162	33509	0.19763662892056857	[-0.0054, 0.0011]	-0.005437109494093766	0.0011242791192683406													GG	AG			G/G:0  G/A:9  A/A:362	G/G:12  G/A:949  A/A:32177	0.19763662892056874	β₁	-0.0021564151874127126	0.0016737939209565162	9	false
chr7:25476327:G:A	7:25476327:G:A	7	25476327	0.7700819456899524	WTMLE_TUNEDXGBOOST_TUNEDXGBOOST	β₁	0.929166172811795	false	0.0005522001701286259	0.0018893489787906645	33508	0.7700819456899524	[-0.0032, 0.0043]	-0.0031509895518118045	0.004255389892069057													GG	AG			G/G:0  G/A:21  A/A:350	G/G:21  G/A:1526  A/A:31590	0.7700819456899524	β₁	0.0005522001701286259	0.0018893489787906645	21	false
chr7:32353906:G:C	7:32353906:G:C	7	32353906	0.011917304528937009	WTMLE_TUNEDXGBOOST_TUNEDXGBOOST	β₁	0.2452003686025961	false	-0.004134337089623973	0.0016440539944617774	33510	0.011917304528937009	[-0.0074, -0.0009]	-0.007356740102420821	-0.0009119340768271264													GG	CG			G/G:0  G/C:8  C/C:363	G/G:12  G/C:1169  C/C:31958	0.011917304528937009	β₁	-0.004134337089623973	0.0016440539944617774	8	false
chr7:26306213:C:A	7:26306213:C:A	7	26306213	0.055376014096022344	WTMLE_TUNEDXGBOOST_TUNEDXGBOOST	β₁	0.4505593874176363	false	0.005873629740699042	0.003065599113136978	33493	0.055376014096022344	[-0.0001, 0.0119]	-0.00013505125919557187	0.011882310740593656													CC	AC			C/C:0  C/A:16  A/A:355	C/C:7  C/A:1083  A/A:32032	0.05537601409602223	β₁	0.005873629740699042	0.003065599113136978	16	false
chr7:26863254:G:A	7:26863254:G:A	7	26863254	0.40094692441158186	WTMLE_TUNEDXGBOOST_TUNEDXGBOOST	β₁	0.8252138881165145	false	-0.0015811975095061965	0.0018825080647892215	33505	0.40094692441158186	[-0.0053, 0.0021]	-0.0052709788139695	0.002108583794957107													GG	AG			G/G:0  G/A:10  A/A:361	G/G:15  G/A:912  A/A:32207	0.40094692441158186	β₁	-0.0015811975095061965	0.0018825080647892215	10	false
chr7:14397157:G:A	7:14397157:G:A	7	14397157	0.4673827659833477	WTMLE_TUNEDXGBOOST_TUNEDXGBOOST	β₁	0.8274839143346915	false	-0.0013255244705633457	0.0018239012273760572	33507	0.4673827659833477	[-0.0049, 0.0022]	-0.004900434326898605	0.002249385385771913													GG	AG			G/G:1  G/A:16  A/A:354	G/G:37  G/A:1565  A/A:31534	0.4673827659833477	β₁	-0.0013255244705633457	0.0018239012273760572	16	false
chr7:28676948:A:G	7:28676948:A:G	7	28676948	0.4916751473291294	WTMLE_TUNEDXGBOOST_TUNEDXGBOOST	β₁	0.8274839143346915	false	0.0015076068100152021	0.002192389983817683	33506	0.4916751473291294	[-0.0028, 0.0058]	-0.0027895538327289875	0.005804767452759392													AA	GA			A/A:1  A/G:21  G/G:349	A/A:28  A/G:1725  G/G:31382	0.4916751473291294	β₁	0.0015076068100152021	0.002192389983817683	21	false
chr8:23368046:G:A	8:23368046:G:A	8	23368046	0.6743748414850419	WTMLE_TUNEDXGBOOST_TUNEDXGBOOST	joint	0.9231284568084774	false	-8.986326813270114e-6	0.0011445137808778403	33511	0.993735397179726	[-0.0023, 0.0022]	-0.0022522731435088883	0.0022343004898823485	0.002420574100078825	0.00282952725953617	33511	0.39229743202189693	[-0.0031, 0.008]	-0.0031253977395349322	0.007966545939692583	0.002429560426892095	0.46586700960550465	[-0.0041, 0.009]	-0.004100660305946642	0.008959781159730833	GG	AG	AG	AA	G/G:16  G/A:112  A/A:243	G/G:1085  G/A:9942  A/A:22113	0.6743748414850419	joint	-8.986326813270114e-6	0.0011445137808778403	16	false
chr8:13956946:A:G	8:13956946:A:G	8	13956946	0.23757343894319677	WTMLE_TUNEDXGBOOST_TUNEDXGBOOST	β₁	0.6903893818463608	false	0.0034132047390337786	0.0028898651172899895	33505	0.23757343894319677	[-0.0023, 0.0091]	-0.0022510314369696186	0.009077440915037175													AA	GA			A/A:0  A/G:10  G/G:361	A/A:3  A/G:681  G/G:32450	0.23757343894319694	β₁	0.0034132047390337786	0.0028898651172899895	10	false
chr8:5338479:C:T	8:5338479:C:T	8	5338479	0.07011758612224533	WTMLE_TUNEDXGBOOST_TUNEDXGBOOST	β₁	0.4827326121493044	false	-0.002928466936386402	0.0016168582886207695	33505	0.07011758612224533	[-0.0061, 0.0002]	-0.006097565436895309	0.00024063156412250592													CC	TC			C/C:0  C/T:17  T/T:354	C/C:32  C/T:1983  T/T:31119	0.07011758612224539	β₁	-0.002928466936386402	0.0016168582886207695	17	false
chr8:31213082:A:C	8:31213082:A:C	8	31213082	0.2163617961346098	WTMLE_TUNEDXGBOOST_TUNEDXGBOOST	joint	0.6747499888647454	false	-0.0014755693556640216	0.0011104611135379875	33504	0.1839263915324241	[-0.0037, 0.0007]	-0.0036521117764484593	0.0007009730651204161	0.0037865670098691665	0.002611565047457157	33504	0.14708948369455832	[-0.0013, 0.0089]	-0.0013321913519777628	0.008905325371716096	0.005262136365533188	0.08929238233341592	[-0.0008, 0.0113]	-0.0008077916487824136	0.011332064379848789	AA	CA	CA	CC	A/A:18  A/C:108  C/C:245	A/A:1413  A/C:10693  C/C:21027	0.2163617961346098	joint	-0.0014755693556640216	0.0011104611135379875	18	false
chr8:128183697:T:G	8:128183697:T:G	8	128183697	0.10353593650699362	WTMLE_TUNEDXGBOOST_TUNEDXGBOOST	β₁	0.5450862539632899	false	-0.0022888168891021586	0.001405913895537116	33508	0.10353593650699362	[-0.005, 0.0005]	-0.005044457030934915	0.0004668232527305976													TT	GT			T/T:3  T/G:36  G/G:332	T/T:145  T/G:4047  G/G:28945	0.10353593650699364	β₁	-0.0022888168891021586	0.001405913895537116	36	false
chr8:137235154:C:T	8:137235154:C:T	8	137235154	0.4587747272925534	WTMLE_TUNEDXGBOOST_TUNEDXGBOOST	β₁	0.8274839143346915	false	-0.0015407311633313329	0.0020796115328701897	33509	0.4587747272925534	[-0.0056, 0.0025]	-0.005616842105409927	0.002535379778747261													CC	TC			C/C:0  C/T:8  T/T:363	C/C:9  C/T:1101  T/T:32028	0.4587747272925534	β₁	-0.0015407311633313329	0.0020796115328701897	8	false
chr8:142653366:A:T	8:142653366:A:T	8	142653366	0.13976467012913077	WTMLE_TUNEDXGBOOST_TUNEDXGBOOST	β₁	0.6563131863519873	false	-0.002383423323080862	0.001614016714194602	33492	0.13976467012913077	[-0.0055, 0.0008]	-0.0055469522832107005	0.0007801056370489762													AA	TA			A/A:0  A/T:6  T/T:365	A/A:1  A/T:555  T/T:32565	0.13976467012913069	β₁	-0.002383423323080862	0.001614016714194602	6	false
chr9:121520810:G:A	9:121520810:G:A	9	121520810	0.05463477526424956	WTMLE_TUNEDXGBOOST_TUNEDXGBOOST	joint	0.4505593874176363	false	-0.0026940517477150416	0.0011433266906998292	33507	0.018462378513030172	[-0.0049, -0.0005]	-0.0049350118360385435	-0.0004530916593915393	0.0033059072945093556	0.0030161605490094056	33507	0.2730583120433333	[-0.0026, 0.0092]	-0.002605872309068993	0.009217686898087704	0.005999959042224397	0.085360842874645	[-0.0008, 0.0128]	-0.0008355570347830165	0.012835475119231811	GG	AG	AG	AA	G/G:8  G/A:75  A/A:288	G/G:723  G/A:8628  A/A:23785	0.05463477526424956	joint	-0.0026940517477150416	0.0011433266906998292	8	false
chr9:88729856:A:G	9:88729856:A:G	9	88729856	0.6497989628916181	WTMLE_TUNEDXGBOOST_TUNEDXGBOOST	β₁	0.9231284568084774	false	0.0012474822548264404	0.0027474824432554145	33509	0.6497989628916181	[-0.0041, 0.0066]	-0.004137678902972002	0.006632643412624884													AA	GA			A/A:0  A/G:11  G/G:360	A/A:11  A/G:879  G/G:32248	0.6497989628916181	β₁	0.0012474822548264404	0.0027474824432554145	11	false
chr9:110780791:G:A	9:110780791:G:A	9	110780791	0.19724907708446762	WTMLE_TUNEDXGBOOST_TUNEDXGBOOST	β₁	0.6747499888647454	false	0.002338962099175371	0.0018139161729411415	33510	0.19724907708446762	[-0.0012, 0.0059]	-0.0012163766916044442	0.005894300889955186													GG	AG			G/G:0  G/A:34  A/A:337	G/G:51  G/A:2395  A/A:30693	0.19724907708446773	β₁	0.002338962099175371	0.0018139161729411415	34	false
chr9:99372230:G:A	9:99372230:G:A	9	99372230	0.7743959920445849	WTMLE_TUNEDXGBOOST_TUNEDXGBOOST	β₁	0.929166172811795	false	-0.0007835165867123101	0.0027335293343632434	33508	0.7743959920445849	[-0.0061, 0.0046]	-0.006141329171508594	0.004574295998083973													GG	AG			G/G:0  G/A:4  A/A:367	G/G:2  G/A:513  A/A:32622	0.7743959920445849	β₁	-0.0007835165867123101	0.0027335293343632434	4	false
chr9:97914406:G:A	9:97914406:G:A	9	97914406	0.1873389751399876	WTMLE_TUNEDXGBOOST_TUNEDXGBOOST	β₁	0.6747499888647454	false	0.0025882219734357508	0.0019629765958422436	33508	0.1873389751399876	[-0.0013, 0.0064]	-0.0012592804391601117	0.006435724386031613													GG	AG			G/G:1  G/A:33  A/A:337	G/G:58  G/A:2411  A/A:30668	0.1873389751399876	β₁	0.0025882219734357508	0.0019629765958422436	33	false
chr9:14731259:C:G	9:14731259:C:G	9	14731259	0.03638445299846938	WTMLE_TUNEDXGBOOST_TUNEDXGBOOST	β₁	0.3618231714847788	false	-0.002678956201819088	0.001280150349007175	33509	0.03638445299846938	[-0.0052, -0.0002]	-0.005188095414897106	-0.0001698169887410705													CC	GC			C/C:0  C/G:6  G/G:365	C/C:7  C/G:620  G/G:32511	0.03638445299846938	β₁	-0.002678956201819088	0.001280150349007175	6	false
chr9:118692346:G:A	9:118692346:G:A	9	118692346	0.8915124488535189	WTMLE_TUNEDXGBOOST_TUNEDXGBOOST	β₁	0.9529698784696967	false	-0.00030575443906948133	0.002241737755874151	33502	0.8915124488535189	[-0.0047, 0.0041]	-0.004699638450831941	0.004088129572692978													GG	AG			G/G:0  G/A:8  A/A:363	G/G:6  G/A:807  A/A:32318	0.8915124488535188	β₁	-0.00030575443906948133	0.002241737755874151	8	false
chr9:21501889:T:G	9:21501889:T:G	9	21501889	0.2585864947977377	WTMLE_TUNEDXGBOOST_TUNEDXGBOOST	β₁	0.706926400323412	false	-0.0019082312039431152	0.0016890626072733324	33507	0.2585864947977377	[-0.0052, 0.0014]	-0.005218852674051805	0.0014023902661655747													TT	GT			T/T:0  T/G:7  G/G:364	T/T:6  T/G:760  G/G:32370	0.2585864947977377	β₁	-0.0019082312039431152	0.0016890626072733324	7	false
chr9:91603693:C:T	9:91603693:C:T	9	91603693	0.17222884198639576	WTMLE_TUNEDXGBOOST_TUNEDXGBOOST	β₁	0.6747499888647454	false	0.0031848363840757308	0.0023330319707219674	33509	0.17222884198639576	[-0.0014, 0.0078]	-0.001387987431223142	0.007757660199374603													CC	TC			C/C:0  C/T:14  T/T:357	C/C:12  C/T:1048  T/T:32078	0.17222884198639576	β₁	0.0031848363840757308	0.0023330319707219674	14	false
chr9:25939184:T:C	9:25939184:T:C	9	25939184	0.8467962232084062	WTMLE_TUNEDXGBOOST_TUNEDXGBOOST	β₁	0.9411635475019089	false	0.000498774973253115	0.0025815266755200863	33509	0.8467962232084062	[-0.0046, 0.0056]	-0.004561107107143111	0.005558657053649341													TT	CT			T/T:0  T/C:8  C/C:363	T/T:6  T/C:874  C/C:32258	0.8467962232084062	β₁	0.000498774973253115	0.0025815266755200863	8	false
chr9:121562358:G:T	9:121562358:G:T	9	121562358	0.7326339295347963	WTMLE_TUNEDXGBOOST_TUNEDXGBOOST	joint	0.9231284568084774	false	-0.0008600399945790316	0.0011874798793021545	33508	0.46891334794600814	[-0.0032, 0.0015]	-0.0031875418660742235	0.0014674618769161605	0.001554451861551262	0.0031545166648013294	33508	0.6221781860693771	[-0.0046, 0.0077]	-0.004628510535506462	0.0077374142586089855	0.0024144918561302938	0.5085719963072592	[-0.0047, 0.0096]	-0.004744339038099834	0.009573322750360422	GG	TG	TG	TT	G/G:8  G/T:90  T/T:273	G/G:838  G/T:8911  T/T:23388	0.7326339295347963	joint	-0.0008600399945790316	0.0011874798793021545	8	false
chr9:7135797:T:C	9:7135797:T:C	9	7135797	0.4769416838394098	WTMLE_TUNEDXGBOOST_TUNEDXGBOOST	β₁	0.8274839143346915	false	0.0013756899374621932	0.0019342187006161633	33511	0.4769416838394098	[-0.0024, 0.0052]	-0.0024154459878478166	0.0051668258627722025													CC	CT			T/T:348  T/C:22  C/C:1	T/T:31377  T/C:1732  C/C:31	0.4769416838394098	β₁	0.0013756899374621932	0.0019342187006161633	22	false
