rsID	variant_id	chrom	pos	p-value	estimator	reported_source	adjusted_pvalue	significant	β₁	se₁	n₁	p_beta1	ci_beta1	ci_beta1_lo	ci_beta1_hi	β₂	se₂	n₂	p_beta2	ci_beta2	ci_beta2_lo	ci_beta2_hi	Δβ	Δp	ci_dbeta	ci_dbeta_lo	ci_dbeta_hi	control₁	case₁	control₂	case₂	case_geno_counts	ctrl_geno_counts
rs7517260	1:33694424:A:G	1	33694424	0.5455558790606932	WTMLE_TUNEDXGBOOST_TUNEDXGBOOST	joint	0.806473908176677	false	0.001309260413406886	0.0012574754256437024	28707	0.29779999161981385	[-0.0012, 0.0038]	-0.0011554500546995523	0.0037739708815133243	-6.85035942299607e-5	0.0021765020619531994	28707	0.9748916107173626	[-0.0043, 0.0042]	-0.004334549122082113	0.004197541933622192	-0.0013777640076368467	0.631336082774876	[-0.007, 0.0042]	-0.00700549933924628	0.004249971323972586	AA	GA	GA	GG	A/A:27  A/G:132  G/G:159	A/A:2108  A/G:11083  G/G:15198
rs76303603	1:66165578:C:T	1	66165578	0.5869642585512376	WTMLE_TUNEDXGBOOST_TUNEDXGBOOST	β₁	0.8086179245377677	false	0.0015343275199110496	0.0028243666977026	28749	0.5869642585512372	[-0.004, 0.0071]	-0.004001562561758416	0.007070217601580515													TT	TC			C/C:307  C/T:12  T/T:0	C/C:27488  C/T:935  T/T:7
rs114803142	1:117750948:G:A	1	117750948	0.045769020178730115	WTMLE_TUNEDXGBOOST_TUNEDXGBOOST	β₁	0.26830115277186617	false	0.0064051038052624475	0.0032063927838546663	28657	0.045769020178730115	[0.0001, 0.0127]	0.00012042397812961868	0.012689783632395276													AA	AG			G/G:302  G/A:16  A/A:0	G/G:27438  G/A:895  A/A:6
rs80288492	1:162905158:T:G	1	162905158	0.48813154371002276	WTMLE_TUNEDXGBOOST_TUNEDXGBOOST	β₁	0.7943986405144223	false	0.0014640300335837409	0.002111705835109357	28759	0.48813154371002276	[-0.0027, 0.0056]	-0.0026750115527439467	0.005603071619911428													GG	GT			T/T:292  T/G:26  G/G:1	T/T:26402  T/G:2010  G/G:28
rs14103	1:35321242:C:A	1	35321242	0.2965877407438123	WTMLE_TUNEDXGBOOST_TUNEDXGBOOST	β₁	0.7414693518595307	false	0.0017922275317061166	0.0017170256351748223	28746	0.29658774074381233	[-0.0016, 0.0052]	-0.0015732225825571791	0.005157677645969413													AA	AC			C/C:268  C/A:50  A/A:1	C/C:24395  C/A:3870  A/A:162
rs11800918	1:162902848:T:C	1	162902848	0.6531820104811544	WTMLE_TUNEDXGBOOST_TUNEDXGBOOST	β₁	0.8286637446402706	false	0.0009416415821866798	0.0020955600921392474	28763	0.6531820104811544	[-0.0032, 0.005]	-0.00316575357344207	0.00504903673781543													CC	CT			T/T:292  T/C:26  C/C:1	T/T:26389  T/C:2023  C/C:32
rs1018241	1:218038613:G:A	1	218038613	0.12232060154041811	WTMLE_TUNEDXGBOOST_TUNEDXGBOOST	β₁	0.4726023241334336	false	-0.003035032688533705	0.001964229618013068	28711	0.12232060154041796	[-0.0069, 0.0008]	-0.006885014305757987	0.0008149489286905774													AA	AG			G/G:311  G/A:7  A/A:0	G/G:27753  G/A:636  A/A:4
rs72710838	1:177476701:G:A	1	177476701	0.5093497165651296	WTMLE_TUNEDXGBOOST_TUNEDXGBOOST	β₁	0.7943986405144223	false	0.0020566834062456956	0.0031168536904951968	28753	0.5093497165651295	[-0.0041, 0.0082]	-0.00405249474834397	0.00816586156083536													AA	AG			G/G:308  G/A:11  A/A:0	G/G:27475  G/A:952  A/A:7
rs12145346	1:211925458:A:C	1	211925458	0.29243709984116956	WTMLE_TUNEDXGBOOST_TUNEDXGBOOST	β₁	0.7414693518595307	false	0.0017092618776115556	0.001623523673026072	28278	0.29243709984116956	[-0.0015, 0.0049]	-0.001472922259227389	0.0048914460144505005													CC	CA			A/A:247  A/C:60  C/C:2	A/A:22764  A/C:4937  C/C:268
rs12118405	1:5994334:T:C	1	5994334	0.03385839825615413	WTMLE_TUNEDXGBOOST_TUNEDXGBOOST	β₁	0.23983032098109175	false	-0.004193918698311981	0.00197653331270021	28677	0.0338583982561541	[-0.0081, -0.0003]	-0.008068016324336848	-0.000319821072287113													CC	CT			T/T:310  T/C:7  C/C:0	T/T:27214  T/C:1134  C/C:12
rs12121687	1:162852150:T:G	1	162852150	0.27859619268600033	WTMLE_TUNEDXGBOOST_TUNEDXGBOOST	β₁	0.7400211368221884	false	0.003286877360165502	0.003033577383445996	28722	0.2785961926860001	[-0.0027, 0.0092]	-0.002659075630770052	0.009232830351101055													GG	GT			T/T:301  T/G:15  G/G:1	T/T:27331  T/G:1065  G/G:9
rs8192489	1:10511360:G:A	1	10511360	0.11342453626560534	WTMLE_TUNEDXGBOOST_TUNEDXGBOOST	β₁	0.45909931345602156	false	0.00417876002874906	0.0026397145644086887	28738	0.11342453626560538	[-0.001, 0.0094]	-0.0009952033673464927	0.009352723424844611													AA	AG			G/G:294  G/A:24  A/A:0	G/G:26919  G/A:1481  A/A:20
rs77435165	1:220637835:A:G	1	220637835	0.5007943790332472	WTMLE_TUNEDXGBOOST_TUNEDXGBOOST	β₁	0.7943986405144223	false	0.0021395172665964637	0.003177899360630423	28673	0.5007943790332472	[-0.0041, 0.0084]	-0.00408931397148854	0.008368348504681466													GG	GA			A/A:309  A/G:7  G/G:0	A/A:27830  A/G:519  G/G:8
rs6664253	1:215392904:A:G	1	215392904	0.08758733656986362	WTMLE_TUNEDXGBOOST_TUNEDXGBOOST	joint	0.39183808465465303	false	-0.0026577296627093533	0.0012288483427435027	28699	0.030566270895093454	[-0.0051, -0.0002]	-0.005066329741812864	-0.0002491295836058423	0.0004530736928968823	0.0027959153161209744	28699	0.8712688555056878	[-0.005, 0.0059]	-0.005027050759678739	0.005933198145472504	0.0031108033556062355	0.35233136416543076	[-0.0034, 0.0097]	-0.003444807075228756	0.009666413786441227	GG	GA	GA	AA	A/A:228  A/G:80  G/G:9	A/A:18843  A/G:8596  G/G:943
rs115861682	1:223846162:A:G	1	223846162	0.5087143119623795	WTMLE_TUNEDXGBOOST_TUNEDXGBOOST	β₁	0.7943986405144223	false	0.001642483151830959	0.002485412907216984	28778	0.5087143119623796	[-0.0032, 0.0065]	-0.0032290415298974807	0.006514007833559399													GG	GA			A/A:297  A/G:22  G/G:0	A/A:26843  A/G:1594  G/G:22
rs36069412	1:84958788:A:G	1	84958788	0.9931677774697105	WTMLE_TUNEDXGBOOST_TUNEDXGBOOST	β₁	0.9998001861667689	false	-2.1634826865163033e-5	0.0025265179803011443	28714	0.9931677774697105	[-0.005, 0.0049]	-0.004973727824391934	0.0049304581706616085													GG	GA			A/A:304  A/G:14  G/G:0	A/A:26866  A/G:1506  G/G:24
rs114028708	1:62643429:G:C	1	62643429	0.23255705075493688	WTMLE_TUNEDXGBOOST_TUNEDXGBOOST	β₁	0.6816327349713667	false	0.0035241295574408595	0.0029519697996340352	28742	0.23255705075493688	[-0.0023, 0.0093]	-0.0022618685978448715	0.009310127712726591													CC	CG			G/G:305  G/C:14  C/C:0	G/G:27561  G/C:856  C/C:6
rs150816569	1:11718859:T:C	1	11718859	0.41803091081868504	WTMLE_TUNEDXGBOOST_TUNEDXGBOOST	β₁	0.7943986405144223	false	-0.0019004435895400612	0.002346650164969099	28710	0.41803091081868493	[-0.0065, 0.0027]	-0.006499987312739472	0.00269910013365935													CC	CT			T/T:313  T/C:5  C/C:0	T/T:27862  T/C:528  C/C:2
rs116738745	1:212199589:G:A	1	212199589	0.46656582895916454	WTMLE_TUNEDXGBOOST_TUNEDXGBOOST	β₁	0.7943986405144223	false	0.0021359957155257657	0.0029337065700635492	28721	0.46656582895916454	[-0.0036, 0.0079]	-0.003614205837130779	0.00788619726818231													AA	AG			G/G:309  G/A:10  A/A:0	G/G:27709  G/A:688  A/A:5
rs74161201	10:132560624:A:G	10	132560624	0.009741447038641235	WTMLE_TUNEDXGBOOST_TUNEDXGBOOST	joint	0.1553395150539826	false	0.002663364622394673	0.001371400334533865	28729	0.052137578283908845	[-0.0, 0.0054]	-2.4643892453664763e-5	0.00535137313724301	-0.007015133518267921	0.0023821432551374426	28729	0.0032333553322368485	[-0.0117, -0.0023]	-0.011684245222673636	-0.002346021813862207	-0.009678498140662593	0.0025868771095265515	[-0.016, -0.0034]	-0.015974119860392558	-0.0033828764209326272	GG	GA	GA	AA	A/A:203  A/G:110  G/G:6	A/A:19260  A/G:8279  G/G:871
rs117507511	10:113961760:C:T	10	113961760	0.24924139104081539	WTMLE_TUNEDXGBOOST_TUNEDXGBOOST	β₁	0.7061839412823103	false	0.003975774607719514	0.003450542440402477	28722	0.24924139104081527	[-0.0028, 0.0107]	-0.002787449319192524	0.010738998534631552													TT	TC			C/C:307  C/T:11  T/T:0	C/C:27548  C/T:848  T/T:8
rs117849226	10:7482815:G:A	10	7482815	0.4540651200359095	WTMLE_TUNEDXGBOOST_TUNEDXGBOOST	β₁	0.7943986405144223	false	0.002416589149888677	0.0032278633987559906	28749	0.4540651200359095	[-0.0039, 0.0087]	-0.003910173231459426	0.008743351531236778													AA	AG			G/G:308  G/A:10  A/A:0	G/G:27574  G/A:850  A/A:7
rs117370067	10:79727624:A:G	10	79727624	0.6048419988878739	WTMLE_TUNEDXGBOOST_TUNEDXGBOOST	β₁	0.8086179245377677	false	-0.0012182154903341673	0.002354240654521091	28719	0.6048419988878739	[-0.0058, 0.0034]	-0.005832636865950259	0.0033962058852819244													GG	GA			A/A:308  A/G:11  G/G:0	A/A:27316  A/G:1075  G/G:9
rs11007477	10:29525659:A:G	10	29525659	0.4528474446360542	WTMLE_TUNEDXGBOOST_TUNEDXGBOOST	β₁	0.7943986405144223	false	0.0012733749509112743	0.0016962803004996918	28599	0.4528474446360542	[-0.0021, 0.0046]	-0.0020514140620405425	0.004598163963863091													GG	GA			A/A:270  A/G:47  G/G:2	A/A:24280  A/G:3881  G/G:119
rs116960995	10:81911261:T:C	10	81911261	0.0024706429618987697	WTMLE_TUNEDXGBOOST_TUNEDXGBOOST	β₁	0.07346589629223896	false	-0.0054888614773014625	0.0018131920123889305	28734	0.0024706429618987697	[-0.009, -0.0019]	-0.00904280222668851	-0.001934920727914415													CC	CT			T/T:312  T/C:6  C/C:1	T/T:27389  T/C:1020  C/C:6
rs2647545	11:5401397:A:G	11	5401397	0.40080557874677913	WTMLE_TUNEDXGBOOST_TUNEDXGBOOST	joint	0.7943986405144223	false	-0.000598610465926874	0.0013049896470713124	28740	0.6464466355996097	[-0.0032, 0.002]	-0.0031564508996895935	0.001959229967835846	-0.002753511286747812	0.00264271911601584	28740	0.29745588872904744	[-0.0079, 0.0024]	-0.007933363728637415	0.0024263411551417907	-0.0021549008208209377	0.5162618891905285	[-0.0087, 0.0044]	-0.008661655303318617	0.004351853661676742	GG	GA	GA	AA	A/A:228  A/G:85  G/G:6	A/A:19716  A/G:7904  G/G:801
rs2403660	11:13216275:C:A	11	13216275	0.5378754306439635	WTMLE_TUNEDXGBOOST_TUNEDXGBOOST	joint	0.806473908176677	false	-0.0006160980629171136	0.001293669535681159	28730	0.6339065407761502	[-0.0032, 0.0019]	-0.003151750588766723	0.0019195544629324957	0.004043832899199762	0.003704580072860361	28730	0.2750284027296272	[-0.0032, 0.0113]	-0.0032173165364747097	0.011304982334874234	0.004659930962116875	0.2679845196327937	[-0.0036, 0.0129]	-0.0035854182730783255	0.012905280197312076	CC	AC	AC	AA	C/C:11  C/A:85  A/A:220	C/C:838  C/A:8007  A/A:19569
rs11022959	11:13804707:C:T	11	13804707	0.7612745412120193	WTMLE_TUNEDXGBOOST_TUNEDXGBOOST	joint	0.8627778133736219	false	0.0005622257998671698	0.001257005615870934	28740	0.654680682720802	[-0.0019, 0.003]	-0.001901563699886452	0.0030260152996207917	0.001047380139578963	0.0024796264280889714	28740	0.6727403769729513	[-0.0038, 0.0059]	-0.0038128030447294767	0.005907563323887402	0.0004851543397117933	0.8758271498763079	[-0.0056, 0.0066]	-0.00560027630737548	0.006570584986799066	TT	TC	TC	CC	C/C:173  C/T:123  T/T:22	C/C:15885  C/T:10724  T/T:1813
rs17144566	11:82798226:T:C	11	82798226	0.041712213256395674	WTMLE_TUNEDXGBOOST_TUNEDXGBOOST	joint	0.26263245383656536	false	-0.0030655313449041346	0.001216423618988588	28761	0.011736909798066691	[-0.0054, -0.0007]	-0.005449778169030436	-0.0006812845207778326	0.0016347352116838328	0.0029755426693590394	28761	0.5827416801536551	[-0.0042, 0.0075]	-0.00419746670278602	0.0074669371261536855	0.004700266556587967	0.17635637439076163	[-0.0021, 0.0115]	-0.002113424983079968	0.011513958096255904	CC	CT	CT	TT	T/T:226  T/C:83  C/C:10	T/T:18418  T/C:8967  C/C:1057
rs80303305	11:120663043:G:A	11	120663043	0.5349403162381736	WTMLE_TUNEDXGBOOST_TUNEDXGBOOST	β₁	0.806473908176677	false	-0.001778504970056037	0.002866292254207269	28757	0.534940316238174	[-0.0074, 0.0038]	-0.007396571026518906	0.003839561086406832													AA	AG			G/G:313  G/A:6  A/A:0	G/G:27768  G/A:667  A/A:3
rs11606204	11:64656069:A:G	11	64656069	0.3922099645815511	WTMLE_TUNEDXGBOOST_TUNEDXGBOOST	β₁	0.7943986405144223	false	0.0016816144096901808	0.001965353846077784	28763	0.3922099645815511	[-0.0022, 0.0055]	-0.0021705704533243873	0.005533799272704748													GG	GA			A/A:283  A/G:34  G/G:1	A/A:25588  A/G:2785  G/G:72
rs11224070	11:134765450:T:C	11	134765450	0.3328382702074497	WTMLE_TUNEDXGBOOST_TUNEDXGBOOST	β₁	0.7460969117485612	false	0.0031866062185556283	0.0032904899912616216	28733	0.3328382702074498	[-0.0033, 0.0096]	-0.0032629073479264288	0.009636119785037686													CC	CT			T/T:308  T/C:11  C/C:0	T/T:27682  T/C:726  C/C:6
rs116924494	11:26175866:A:G	11	26175866	0.027332863578858443	WTMLE_TUNEDXGBOOST_TUNEDXGBOOST	β₁	0.21787690935350845	false	-0.0040880432454218525	0.0018524390199049902	28734	0.027332863578858484	[-0.0077, -0.0005]	-0.00771890995651058	-0.00045717653433312473													GG	GA			A/A:313  A/G:6  G/G:0	A/A:27624  A/G:786  G/G:5
rs11825381	11:82791213:G:A	11	82791213	0.026013991645790137	WTMLE_TUNEDXGBOOST_TUNEDXGBOOST	joint	0.21787690935350845	false	-0.0032399237164513674	0.0012014992245271358	28560	0.007009928261589265	[-0.0056, -0.0009]	-0.005594918731421098	-0.0008849287014816368	0.001452860823089899	0.002694985460919517	28560	0.5898235528413855	[-0.0038, 0.0067]	-0.003829437489153435	0.0067351591353332334	0.004692784539541266	0.14541959161403825	[-0.0016, 0.011]	-0.0016248278779304312	0.011010396957012964	AA	AG	AG	GG	G/G:223  G/A:81  A/A:11	G/G:18298  G/A:8904  A/A:1043
rs7914	11:119180316:A:G	11	119180316	0.8736406330415465	WTMLE_TUNEDXGBOOST_TUNEDXGBOOST	joint	0.9357802667734818	false	-0.0006338906756253086	0.0012346250193835562	28697	0.6076561308855668	[-0.0031, 0.0018]	-0.0030538133175455904	0.0017860319662949733	0.00019263166828567836	0.002491460884925958	28697	0.9383721020951977	[-0.0047, 0.0051]	-0.0046907479103181935	0.00507601124688955	0.000826522343910987	0.7894916749845907	[-0.0052, 0.0069]	-0.0052415850487786755	0.00689462973660065	GG	GA	GA	AA	A/A:192  A/G:108  G/G:18	A/A:16939  A/G:9940  G/G:1500
rs10767971	11:32895664:C:T	11	32895664	0.15738225739890838	WTMLE_TUNEDXGBOOST_TUNEDXGBOOST	joint	0.5573954949544672	false	0.00158699366738983	0.001317048866370179	28724	0.22822794897763854	[-0.001, 0.0042]	-0.0009944834579200762	0.004168470792699736	-0.002898306056899517	0.0015708057126849093	28724	0.06503212907003451	[-0.006, 0.0002]	-0.005977158420804511	0.00018054630700547677	-0.004485299724289347	0.06210100085488513	[-0.0092, 0.0002]	-0.00919755124226787	0.0002269517936891773	CC	TC	TC	TT	C/C:45  C/T:168  T/T:105	C/C:4733  C/T:13783  T/T:9890
rs77608528	11:36324050:T:G	11	36324050	0.8987901038235268	WTMLE_TUNEDXGBOOST_TUNEDXGBOOST	β₁	0.9517536359863025	false	0.000317073033056472	0.002492888575673068	28776	0.8987901038235268	[-0.0046, 0.0052]	-0.004569104320183825	0.005203250386296768													GG	GT			T/T:307  T/G:11  G/G:0	T/T:27687  T/G:767  G/G:4
rs60229504	11:40357573:C:T	11	40357573	0.7135853031905277	WTMLE_TUNEDXGBOOST_TUNEDXGBOOST	β₁	0.8542922643830261	false	0.0007354313487150963	0.0020036335934563994	28749	0.7135853031905277	[-0.0032, 0.0047]	-0.003191783678404935	0.004662646375835128													TT	TC			C/C:289  C/T:29  T/T:1	C/C:25968  C/T:2401  T/T:61
rs35758227	12:97974575:G:A	12	97974575	0.4177610680765227	WTMLE_TUNEDXGBOOST_TUNEDXGBOOST	β₁	0.7943986405144223	false	0.002374091446231005	0.002929807529460364	28746	0.41776106807652313	[-0.0034, 0.0081]	-0.0033684675947048743	0.008116650487166885													AA	AG			G/G:305  G/A:13  A/A:0	G/G:27235  G/A:1172  A/A:21
rs75318300	12:69119253:C:A	12	69119253	0.6278680355234432	WTMLE_TUNEDXGBOOST_TUNEDXGBOOST	joint	0.8086179245377677	false	0.0010928746831281042	0.0013671287925877589	28612	0.42406857002024156	[-0.0016, 0.0038]	-0.001586761872299348	0.0037725112385555565	0.0011461434618453064	0.0037498359014456286	28612	0.7598721278007804	[-0.0062, 0.0085]	-0.006203710782207523	0.008495997705898137	5.3268778717202245e-5	0.9901676632153906	[-0.0084, 0.0085]	-0.008419156196372896	0.0085256937538073	AA	AC	AC	CC	C/C:217  C/A:91  A/A:9	C/C:19949  C/A:7627  A/A:719
rs78771625	12:96098422:T:G	12	96098422	0.9998001861667689	WTMLE_TUNEDXGBOOST_TUNEDXGBOOST	β₁	0.9998001861667689	false	-6.354464114467246e-7	0.002537404255788507	28777	0.9998001861667689	[-0.005, 0.005]	-0.004974065592272263	0.00497279469944937													GG	GT			T/T:308  T/G:11  G/G:0	T/T:27429  T/G:1021  G/G:8
rs80251500	12:97968823:A:C	12	97968823	0.6853265042390845	WTMLE_TUNEDXGBOOST_TUNEDXGBOOST	β₁	0.8504051512455794	false	0.0011170673506405492	0.0027567646283579083	28728	0.6853265042390845	[-0.0043, 0.0065]	-0.0042863196974209416	0.0065204543987020394													CC	CA			A/A:307  A/C:11  C/C:0	A/A:27387  A/C:1007  C/C:16
rs261902	12:32476727:G:A	12	32476727	0.3324497919579891	WTMLE_TUNEDXGBOOST_TUNEDXGBOOST	joint	0.7460969117485612	false	-0.0016251205513783682	0.0013180334479136343	28765	0.21758999893293407	[-0.0042, 0.001]	-0.004208527347195241	0.0009582862444385055	-0.0011823907549030526	0.002941289215779114	28765	0.6876888922183951	[-0.0069, 0.0046]	-0.00694745427475126	0.004582672764945155	0.0004427297964753156	0.9015090820190765	[-0.0066, 0.0075]	-0.006569202763706927	0.0074546623566575584	GG	AG	AG	AA	G/G:5  G/A:76  A/A:238	G/G:646  G/A:7471  A/A:20329
rs78934565	12:32254343:A:C	12	32254343	0.005441693996230837	WTMLE_TUNEDXGBOOST_TUNEDXGBOOST	β₁	0.11563599741990528	false	-0.005242586676102461	0.0018859146727679458	28775	0.005441693996230826	[-0.0089, -0.0015]	-0.008939067003229108	-0.0015461063489758133													CC	CA			A/A:315  A/C:4  C/C:0	A/A:27710  A/C:738  C/C:8
rs77080860	12:55238235:C:T	12	55238235	0.06852948507146811	WTMLE_TUNEDXGBOOST_TUNEDXGBOOST	β₁	0.34264742535734055	false	0.0072263939912246234	0.003967107206173384	28722	0.06852948507146807	[-0.0005, 0.015]	-0.000549320940798485	0.015002108923247732													TT	TC			C/C:308  C/T:11  T/T:0	C/C:27692  C/T:708  T/T:3
rs75647405	13:86659491:A:C	13	86659491	0.6959277999425625	WTMLE_TUNEDXGBOOST_TUNEDXGBOOST	β₁	0.8542922643830261	false	0.0012828608219147308	0.003282423842267955	28712	0.6959277999425626	[-0.0052, 0.0077]	-0.0051508429152778345	0.0077165645591072965													CC	CA			A/A:309  A/C:9  C/C:0	A/A:27605  A/C:787  C/C:2
rs117553493	13:100563516:T:C	13	100563516	0.0004342212742365593	WTMLE_TUNEDXGBOOST_TUNEDXGBOOST	β₁	0.03690880831010754	true	-0.005815395294854822	0.0016526784383929288	28775	0.0004342212742365593	[-0.0091, -0.0026]	-0.00905472177276995	-0.002576068816939694													CC	CT			T/T:313  T/C:6  C/C:0	T/T:27292  T/C:1153  C/C:11
rs76560261	13:114074693:T:C	13	114074693	0.6067651641153462	WTMLE_TUNEDXGBOOST_TUNEDXGBOOST	β₁	0.8086179245377677	false	-0.0013198642151910655	0.0025643264702231634	28747	0.6067651641153458	[-0.0063, 0.0037]	-0.006346063371908054	0.0037063349415259223													CC	CT			T/T:313  T/C:6  C/C:0	T/T:27713  T/C:711  C/C:4
rs9508801	13:31135492:A:G	13	31135492	0.9412631437866634	WTMLE_TUNEDXGBOOST_TUNEDXGBOOST	joint	0.9756996002666634	false	0.0002128008768202075	0.0014228994367451316	25837	0.8811173513910228	[-0.0026, 0.003]	-0.0025761614300002546	0.0030017631836406697	-0.0011294677462571055	0.0032684599496439395	25837	0.7296719184725182	[-0.0075, 0.0053]	-0.0075358316575122285	0.005276896164998017	-0.001342268623077313	0.7347638623456139	[-0.0091, 0.0064]	-0.009107701642324635	0.0064231643961700086	AA	GA	GA	GG	A/A:6  A/G:72  G/G:205	A/A:544  A/G:6273  G/G:18737
rs9547720	13:37624289:G:A	13	37624289	0.03188842709629366	WTMLE_TUNEDXGBOOST_TUNEDXGBOOST	β₁	0.2356970698421705	false	-0.0039106178118765746	0.0018223577489709254	28707	0.03188842709629361	[-0.0075, -0.0003]	-0.007482523973163409	-0.0003387116505897403													AA	AG			G/G:306  G/A:11  A/A:0	G/G:27138  G/A:1240  A/A:12
rs79025431	13:100564636:T:C	13	100564636	0.010161173017469015	WTMLE_TUNEDXGBOOST_TUNEDXGBOOST	β₁	0.1553395150539826	false	-0.004300045553277742	0.0016728662882518907	28746	0.010161173017469015	[-0.0076, -0.001]	-0.0075789412934518935	-0.0010211498131035908													CC	CT			T/T:304  T/C:15  C/C:0	T/T:26343  T/C:2053  C/C:31
rs74745265	13:86333194:T:C	13	86333194	0.3243181545746333	WTMLE_TUNEDXGBOOST_TUNEDXGBOOST	β₁	0.7460969117485612	false	0.004572132552179734	0.004638745534676314	28769	0.3243181545746333	[-0.0045, 0.0137]	-0.004520024165997625	0.013664289270357092													CC	CT			T/T:311  T/C:8  C/C:0	T/T:27714  T/C:735  C/C:1
rs10137294	14:51261672:C:T	14	51261672	0.538449182774194	WTMLE_TUNEDXGBOOST_TUNEDXGBOOST	joint	0.806473908176677	false	0.000175245801909418	0.0013529879885330793	28661	0.8969431342564426	[-0.0025, 0.0028]	-0.0024766739225158176	0.0028271655263346534	-0.003078576157017538	0.0028455975380020375	28661	0.27931790827487774	[-0.0087, 0.0025]	-0.008656080394128502	0.002498928080093427	-0.0032538219589269557	0.3591052346953728	[-0.0102, 0.0037]	-0.01020806879031378	0.003700424872459869	TT	TC	TC	CC	C/C:225  C/T:85  T/T:6	C/C:20402  C/T:7309  T/T:634
rs2360997	14:76812491:C:G	14	76812491	0.9202949555954816	WTMLE_TUNEDXGBOOST_TUNEDXGBOOST	joint	0.9598168248541832	false	-0.00043465691143458634	0.0013191584450089307	28722	0.7417835172910425	[-0.003, 0.0022]	-0.0030202689167260874	0.0021509550938569144	0.0010994296122470047	0.003443278358758094	28722	0.7495033736571683	[-0.0056, 0.0078]	-0.005649556376244371	0.00784841560073838	0.001534086523681591	0.7015648589420596	[-0.0063, 0.0094]	-0.006312419173699458	0.00938059222106264	CC	GC	GC	GG	C/C:9  C/G:86  G/G:224	C/C:785  C/G:7853  G/G:19765
rs117430951	14:86016657:C:T	14	86016657	0.7425151618146979	WTMLE_TUNEDXGBOOST_TUNEDXGBOOST	β₁	0.8627778133736219	false	-0.0009254382292390154	0.0028169267287625464	28709	0.7425151618146979	[-0.0064, 0.0046]	-0.006446745949680612	0.004595869491202581													TT	TC			C/C:310  C/T:9  T/T:0	C/C:27347  C/T:1040  T/T:3
rs4901212	14:52623384:A:G	14	52623384	0.6157195473768848	WTMLE_TUNEDXGBOOST_TUNEDXGBOOST	joint	0.8086179245377677	false	-0.0012576896094852346	0.0013095124467734295	28740	0.33684901153448255	[-0.0038, 0.0013]	-0.003824394941124997	0.0013090157221545278	0.0016946653767325132	0.0037999849871313443	28740	0.6556249238094489	[-0.0058, 0.0091]	-0.005753482023968449	0.009142812777433475	0.002952354986217748	0.4934465363797864	[-0.0055, 0.0114]	-0.005497357700670961	0.011402067673106458	GG	GA	GA	AA	A/A:240  A/G:71  G/G:6	A/A:21017  A/G:6853  G/G:553
rs117230662	14:101873870:T:C	14	101873870	0.02724480366562269	WTMLE_TUNEDXGBOOST_TUNEDXGBOOST	β₁	0.21787690935350845	false	0.007117834746104379	0.003223503623972502	28780	0.02724480366562269	[0.0008, 0.0134]	0.0007996180126505553	0.013436051479558203													CC	CT			T/T:301  T/C:18  C/C:0	T/T:27475  T/C:975  C/C:11
rs67803520	14:84920365:T:C	14	84920365	0.2046366882272617	WTMLE_TUNEDXGBOOST_TUNEDXGBOOST	β₁	0.6325133999751725	false	-0.0029276111229833653	0.0023079670577451587	28767	0.20463668822726164	[-0.0075, 0.0016]	-0.007451333774706841	0.0015961115287401102													CC	CT			T/T:313  T/C:6  C/C:0	T/T:27797  T/C:648  C/C:3
rs72741654	15:61614338:T:C	15	61614338	0.6820649018483365	WTMLE_TUNEDXGBOOST_TUNEDXGBOOST	β₁	0.8504051512455794	false	-0.00097782980499767	0.0023869814852442153	28662	0.6820649018483365	[-0.0057, 0.0037]	-0.00565642512652151	0.0037007655165261694													CC	CT			T/T:306  T/C:12  C/C:0	T/T:27153  T/C:1177  C/C:14
rs117343292	15:71519542:A:G	15	71519542	0.5958351504007996	WTMLE_TUNEDXGBOOST_TUNEDXGBOOST	β₁	0.8086179245377677	false	0.002611041070422813	0.0049227294272363485	28737	0.5958351504007996	[-0.007, 0.0123]	-0.007037737720341407	0.012259819861187033													GG	GA			A/A:314  A/G:5  G/G:0	A/A:27898  A/G:519  G/G:1
rs75873144	15:65776730:C:T	15	65776730	0.9958760220549707	WTMLE_TUNEDXGBOOST_TUNEDXGBOOST	β₁	0.9998001861667689	false	-1.2357249900818335e-5	0.002390780873493212	28199	0.9958760220549707	[-0.0047, 0.0047]	-0.0046984027995093875	0.004673688299707751													TT	TC			C/C:299  C/T:13  T/T:1	C/C:26583  C/T:1287  T/T:16
rs7166097	15:101269470:C:T	15	101269470	0.4989999231412433	WTMLE_TUNEDXGBOOST_TUNEDXGBOOST	joint	0.7943986405144223	false	0.00018171453935468353	0.0012439298730203346	28714	0.8838584583744202	[-0.0023, 0.0026]	-0.002256445988940518	0.0026198750676498855	0.0030706912901327914	0.002831925869400534	28714	0.2782355772513543	[-0.0025, 0.0086]	-0.002480015404502223	0.008621397984767805	0.0028889767507781078	0.39450472827513516	[-0.0038, 0.0095]	-0.0037611706428506255	0.00953912414440684	CC	TC	TC	TT	C/C:24  C/T:108  T/T:185	C/C:1453  C/T:9976  T/T:16968
rs74963073	16:10102072:T:C	16	10102072	0.27147337416619255	WTMLE_TUNEDXGBOOST_TUNEDXGBOOST	β₁	0.7400211368221884	false	0.003528609766145471	0.0032087109801027937	28770	0.2714733741661927	[-0.0028, 0.0098]	-0.002760612790617612	0.009817832322908554													CC	CT			T/T:306  T/C:13  C/C:0	T/T:27607  T/C:835  C/C:9
rs62044679	16:62831032:T:C	16	62831032	0.0018840040914495848	WTMLE_TUNEDXGBOOST_TUNEDXGBOOST	β₁	0.07346589629223896	false	-0.005032893337393072	0.001619219512379522	28741	0.0018840040914495848	[-0.0082, -0.0019]	-0.008206638924669555	-0.001859147750116588													CC	CT			T/T:313  T/C:5  C/C:1	T/T:27792  T/C:627  C/C:3
rs76847656	16:28273013:C:T	16	28273013	0.7981437229542536	WTMLE_TUNEDXGBOOST_TUNEDXGBOOST	β₁	0.8860489156765792	false	0.0006224514252928865	0.0024338031138347346	28732	0.7981437229542534	[-0.0041, 0.0054]	-0.004147915986712175	0.005392818837297948													TT	TC			C/C:305  C/T:14  T/T:0	C/C:27350  C/T:1054  T/T:9
rs76823082	16:86023286:T:C	16	86023286	0.23878411676552821	WTMLE_TUNEDXGBOOST_TUNEDXGBOOST	β₁	0.6880220313583016	false	0.00348787481235372	0.002960704330095649	28776	0.23878411676552821	[-0.0023, 0.0093]	-0.002315243140259926	0.009290992764967365													CC	CT			T/T:302  T/C:17  C/C:0	T/T:27303  T/C:1146  C/C:8
rs117146053	16:16956275:G:A	16	16956275	0.4858667398553681	WTMLE_TUNEDXGBOOST_TUNEDXGBOOST	β₁	0.7943986405144223	false	0.002822391985454075	0.004049884118160147	28676	0.48586673985536843	[-0.0051, 0.0108]	-0.005115570086890342	0.010760354057798491													AA	AG			G/G:310  G/A:8  A/A:0	G/G:27779  G/A:579  A/A:0
rs76861960	16:77599439:C:T	16	77599439	0.3085357023810584	WTMLE_TUNEDXGBOOST_TUNEDXGBOOST	β₁	0.7460969117485612	false	0.0029525235321980303	0.0028994138079677283	28779	0.3085357023810584	[-0.0027, 0.0086]	-0.0027304621264037537	0.008635509190799815													TT	TC			C/C:303  C/T:15  T/T:1	C/C:27310  C/T:1137  T/T:13
rs80204084	16:26985037:C:A	16	26985037	0.7056496035882887	WTMLE_TUNEDXGBOOST_TUNEDXGBOOST	β₁	0.8542922643830261	false	0.0011323524994101425	0.0029979497757592257	28687	0.7056496035882887	[-0.0047, 0.007]	-0.004743769022895477	0.007008474021715762													AA	AC			C/C:310  C/A:9  A/A:0	C/C:27718  C/A:646  A/A:4
rs6502314	17:13805748:A:G	17	13805748	0.875229778923433	WTMLE_TUNEDXGBOOST_TUNEDXGBOOST	joint	0.9357802667734818	false	0.0005321275013600359	0.0013234922819024824	28677	0.6876405340494595	[-0.0021, 0.0031]	-0.0020619791976947905	0.003126234200414862	0.0007242134955609067	0.0035303985512468426	28677	0.8374669595574631	[-0.0062, 0.0076]	-0.006195532586341582	0.007643959577463396	0.00019208599420087076	0.9625139020254914	[-0.0078, 0.0082]	-0.007818573827619942	0.008202745816021683	GG	GA	GA	AA	A/A:220  A/G:91  G/G:8	A/A:19598  A/G:7966  G/G:794
rs17681361	17:46251250:T:C	17	46251250	0.5559523570130623	WTMLE_TUNEDXGBOOST_TUNEDXGBOOST	β₁	0.8077940230104325	false	-0.001367218433109952	0.002321761197270268	28205	0.5559523570130623	[-0.0059, 0.0032]	-0.0059179820547342185	0.003183545188514314													CC	CT			T/T:296  T/C:10  C/C:0	T/T:26860  T/C:1031  C/C:8
rs74669065	17:11472675:C:T	17	11472675	0.06561372719733993	WTMLE_TUNEDXGBOOST_TUNEDXGBOOST	β₁	0.33801010980447843	false	-0.0037951064811198036	0.002061295994498209	27693	0.06561372719733993	[-0.0078, 0.0002]	-0.007835348983005745	0.00024513602076613747													TT	TC			C/C:295  C/T:11  T/T:0	C/C:26006  C/T:1373  T/T:8
rs4525595	18:62140266:G:A	18	62140266	0.46667408640947605	WTMLE_TUNEDXGBOOST_TUNEDXGBOOST	β₁	0.7943986405144223	false	0.0021420365818861937	0.0029427182077676247	28693	0.4666740864094766	[-0.0036, 0.0079]	-0.0036258284377284865	0.007909901601500874													AA	AG			G/G:304  G/A:12  A/A:1	G/G:27464  G/A:904  A/A:8
rs78303500	18:52265059:T:C	18	52265059	0.12678449417944948	WTMLE_TUNEDXGBOOST_TUNEDXGBOOST	β₁	0.47896364467792024	false	-0.0036608795637996044	0.002397511414029208	28757	0.12678449417944962	[-0.0084, 0.001]	-0.008360113382461622	0.0010383542548624137													CC	CT			T/T:313  T/C:5  C/C:0	T/T:27669  T/C:766  C/C:4
rs72939083	18:62615975:G:A	18	62615975	0.14043379291880764	WTMLE_TUNEDXGBOOST_TUNEDXGBOOST	β₁	0.5079520169403681	false	0.0052823724707301315	0.0035831686672432674	28769	0.1404337929188078	[-0.0017, 0.0123]	-0.0017408045556233489	0.012305549497083613													AA	AG			G/G:306  G/A:12  A/A:0	G/G:27755  G/A:694  A/A:2
rs72926310	18:51217479:A:G	18	51217479	0.56522372672447	WTMLE_TUNEDXGBOOST_TUNEDXGBOOST	β₁	0.8086179245377677	false	-0.0015721126963890821	0.002733602361319829	28713	0.56522372672447	[-0.0069, 0.0038]	-0.006930100740384284	0.0037858753476061194													GG	GA			A/A:310  A/G:9  G/G:0	A/A:27323  A/G:1071  G/G:0
rs118141754	18:47085329:A:G	18	47085329	0.4227904712344569	WTMLE_TUNEDXGBOOST_TUNEDXGBOOST	β₁	0.7943986405144223	false	0.0032504627357532326	0.004054963818689988	28742	0.4227904712344569	[-0.0047, 0.0112]	-0.004697455016521642	0.011198380488028108													GG	GA			A/A:309  A/G:10  G/G:0	A/A:27639  A/G:779  G/G:5
rs1207120	19:5345644:G:A	19	5345644	0.33163746623996204	WTMLE_TUNEDXGBOOST_TUNEDXGBOOST	joint	0.7460969117485612	false	0.0015445242803054393	0.0013477702039399158	28689	0.25181096568694705	[-0.0011, 0.0042]	-0.001097168233436557	0.004186216794047435	0.0020694431806335123	0.0035145560016412334	28689	0.55598622190911	[-0.0048, 0.009]	-0.004819250642335548	0.008958137003602573	0.000524918900328073	0.8981236027220952	[-0.0075, 0.0086]	-0.007511009337117016	0.008560847137773163	AA	AG	AG	GG	G/G:208  G/A:97  A/A:12	G/G:19655  G/A:7878  A/A:839
rs7568498	2:162029113:G:T	2	162029113	0.011878904092363377	WTMLE_TUNEDXGBOOST_TUNEDXGBOOST	joint	0.1553395150539826	false	-0.000905860036313976	0.0013056763045945325	28767	0.48782197986218456	[-0.0035, 0.0017]	-0.0034650462496057053	0.0016533261769777535	-0.004981103933383244	0.0021341261519108295	28767	0.019601257777830557	[-0.0092, -0.0008]	-0.009164090333746534	-0.0007981175330199538	-0.004075243897069268	0.16482623967789298	[-0.0098, 0.0017]	-0.009825669299615748	0.0016751815054772117	TT	TG	TG	GG	G/G:232  G/T:83  T/T:4	G/G:19919  G/T:7776  T/T:753
rs78616260	2:123412546:A:G	2	123412546	0.03675647647879096	WTMLE_TUNEDXGBOOST_TUNEDXGBOOST	β₁	0.2403308077459409	false	0.00490630388662073	0.0023491368522706503	28773	0.036756476478790934	[0.0003, 0.0095]	0.000301886565452476	0.009510721207788984													GG	GA			A/A:285  A/G:34  G/G:0	A/A:26377  A/G:2036  G/G:41
rs116623105	2:109405475:G:T	2	109405475	0.961243756325668	WTMLE_TUNEDXGBOOST_TUNEDXGBOOST	β₁	0.9903723550022034	false	-0.0001275021844690844	0.002623863995856456	28628	0.961243756325668	[-0.0053, 0.005]	-0.00527039856090138	0.00501539419196321													TT	TG			G/G:309  G/T:10  T/T:0	G/G:27456  G/T:853  T/T:0
rs138075857	2:236027965:G:A	2	236027965	0.5060888905860679	WTMLE_TUNEDXGBOOST_TUNEDXGBOOST	β₁	0.7943986405144223	false	0.00171199706325887	0.0025746316688257504	28625	0.506088890586068	[-0.0033, 0.0068]	-0.0033344016677130757	0.006758395794230816													AA	AG			G/G:298  G/A:15  A/A:0	G/G:27145  G/A:1154  A/A:13
rs79179284	2:171521760:G:T	2	171521760	0.7673546723211514	WTMLE_TUNEDXGBOOST_TUNEDXGBOOST	joint	0.8634408550055327	false	-0.00058945666529695	0.0013199639171430307	28750	0.6551887167848831	[-0.0032, 0.002]	-0.0031766473273009896	0.001997733996707089	-0.0013084606483835459	0.0031424384486531827	28750	0.6771322459677329	[-0.0075, 0.0049]	-0.007467786145609999	0.004850864848842907	-0.0007190039830865958	0.8480291734739053	[-0.0081, 0.0066]	-0.008072975781809788	0.006634967815636597	TT	TG	TG	GG	G/G:232  G/T:79  T/T:6	G/G:20387  G/T:7381  T/T:665
rs79127072	2:202015879:A:G	2	202015879	0.05579412415787914	WTMLE_TUNEDXGBOOST_TUNEDXGBOOST	β₁	0.30596777763998234	false	-0.003759059646131009	0.001965296964396379	28504	0.05579412415787918	[-0.0076, 0.0001]	-0.007611134491461177	9.301519919915902e-5													GG	GA			A/A:311  A/G:6  G/G:0	A/A:27395  A/G:790  G/G:2
rs115349603	2:99159810:A:G	2	99159810	0.015844980007634013	WTMLE_TUNEDXGBOOST_TUNEDXGBOOST	β₁	0.1683529125811114	false	-0.004373152117717897	0.0018126229923044416	28755	0.01584498000763399	[-0.0079, -0.0008]	-0.00792597745194397	-0.0008203267834918228													GG	GA			A/A:313  A/G:6  G/G:0	A/A:27671  A/G:763  G/G:2
rs396567	2:225936588:C:A	2	225936588	0.6237228717498315	WTMLE_TUNEDXGBOOST_TUNEDXGBOOST	joint	0.8086179245377677	false	-0.0010203094311151519	0.001252370820436865	28646	0.4152494897721667	[-0.0035, 0.0014]	-0.00347501485541185	0.0014343959931815463	-0.0006358417265725031	0.002510837629926916	28646	0.800085435529232	[-0.0056, 0.0043]	-0.005557200999028162	0.0042855175458831555	0.0003844677045426488	0.9022919683176389	[-0.0058, 0.0065]	-0.005753752032895179	0.006522687441980476	CC	AC	AC	AA	C/C:13  C/A:101  A/A:204	C/C:1319  C/A:9691  A/A:17318
rs80011338	2:78624069:A:C	2	78624069	0.32014472458581134	WTMLE_TUNEDXGBOOST_TUNEDXGBOOST	β₁	0.7460969117485612	false	0.003379459126553247	0.0033992504948819713	28726	0.3201447245858114	[-0.0033, 0.01]	-0.003283230158598533	0.010042148411705027													CC	CA			A/A:306  A/C:13  C/C:0	A/A:27306  A/C:1091  C/C:10
rs115569355	2:176444034:A:C	2	176444034	0.09693669787687717	WTMLE_TUNEDXGBOOST_TUNEDXGBOOST	β₁	0.41198096597672795	false	0.005548593425803091	0.0033426395733115026	28729	0.09693669787687717	[-0.001, 0.0121]	-0.0010031357876685706	0.012100322639274751													CC	CA			A/A:305  A/C:14  C/C:0	A/A:27385  A/C:1015  C/C:10
rs10520406	2:85380052:C:T	2	85380052	0.9013666787870276	WTMLE_TUNEDXGBOOST_TUNEDXGBOOST	β₁	0.9517536359863025	false	-0.0002449764813124153	0.0019766342366200154	28751	0.9013666787870276	[-0.0041, 0.0036]	-0.004119271502012781	0.003629318539387951													TT	TC			C/C:292  C/T:25  T/T:1	C/C:26192  C/T:2210  T/T:31
rs4850271	2:131657895:T:C	2	131657895	0.7348368512213985	WTMLE_TUNEDXGBOOST_TUNEDXGBOOST	joint	0.861532860052674	false	0.00032054184055075837	0.0012779756198257714	27765	0.8019551367271947	[-0.0022, 0.0028]	-0.0021843535476413684	0.0028254372287428854	-0.001538581336983304	0.001961277596949801	27765	0.4327657179944011	[-0.0054, 0.0023]	-0.005382782377558603	0.0023056197035919955	-0.0018591231775340624	0.490068584155278	[-0.0071, 0.0034]	-0.00713864539724101	0.0034203990421728847	TT	CT	CT	CC	T/T:26  T/C:134  C/C:149	T/T:2476  T/C:11586  C/C:13394
rs2092944	20:20814794:G:A	20	20814794	0.5033218161196701	WTMLE_TUNEDXGBOOST_TUNEDXGBOOST	β₁	0.7943986405144223	false	0.0010286338997394762	0.0015369245074114734	28743	0.5033218161196701	[-0.002, 0.004]	-0.0019838096397467196	0.004041077439225672													AA	AG			G/G:250  G/A:66  A/A:3	G/G:22597  G/A:5487  A/A:340
rs79030614	20:55573225:C:T	20	55573225	0.028195835328101094	WTMLE_TUNEDXGBOOST_TUNEDXGBOOST	β₁	0.21787690935350845	false	0.006996476217462281	0.003187951820359776	28741	0.028195835328101094	[0.0007, 0.0132]	0.0007479423127242204	0.013245010122200342													TT	TC			C/C:301  C/T:18  T/T:0	C/C:27443  C/T:968  T/T:11
rs79893826	20:59603948:T:C	20	59603948	0.17266725342229877	WTMLE_TUNEDXGBOOST_TUNEDXGBOOST	β₁	0.5861469000893317	false	-0.002663565915470195	0.001953165772884114	28716	0.17266725342229855	[-0.0065, 0.0012]	-0.006491861852378275	0.0011647300214378859													CC	CT			T/T:306  T/C:13  C/C:0	T/T:27022  T/C:1355  C/C:20
rs73195242	21:18806326:T:C	21	18806326	0.2857197163954391	WTMLE_TUNEDXGBOOST_TUNEDXGBOOST	β₁	0.7414693518595307	false	-0.002369575070272207	0.0022195794039339164	28657	0.2857197163954391	[-0.0067, 0.002]	-0.00672005451710197	0.0019809043765575563													CC	CT			T/T:309  T/C:9  C/C:0	T/T:27249  T/C:1072  C/C:18
rs117675373	21:22973345:C:A	21	22973345	0.2886039882662899	WTMLE_TUNEDXGBOOST_TUNEDXGBOOST	β₁	0.7414693518595307	false	-0.0023306286643187753	0.002196201987846231	28722	0.2886039882662899	[-0.0066, 0.002]	-0.006635286870696578	0.001974029542059027													AA	AC			C/C:312  C/A:7  A/A:0	C/C:27726  C/A:672  A/A:5
rs13061385	3:103013583:G:T	3	103013583	0.010882263574508114	WTMLE_TUNEDXGBOOST_TUNEDXGBOOST	joint	0.1553395150539826	false	-0.0011801243141909667	0.0012247180053417315	28654	0.3352603540391834	[-0.0036, 0.0012]	-0.0035806288983120643	0.0012203802699301306	0.009868548047177333	0.003298100105326438	28654	0.0027721802342499224	[0.0034, 0.0163]	0.003404117551997922	0.016332978542356744	0.011048672361368299	0.003359930743604245	[0.0037, 0.0184]	0.003665080623973381	0.018432264098763217	TT	TG	TG	GG	G/G:191  G/T:98  T/T:29	G/G:17040  G/T:9870  T/T:1426
rs41554714	3:14208474:C:T	3	14208474	0.8026560765540776	WTMLE_TUNEDXGBOOST_TUNEDXGBOOST	β₁	0.8860489156765792	false	-0.000705669767078653	0.002823656741467929	28736	0.8026560765540773	[-0.0062, 0.0048]	-0.006240168406931471	0.004828828872774165													TT	TC			C/C:312  C/T:7  T/T:0	C/C:27695  C/T:717  T/T:5
rs11925216	3:94851524:C:T	3	94851524	0.4886105077338865	WTMLE_TUNEDXGBOOST_TUNEDXGBOOST	β₁	0.7943986405144223	false	0.0022057532704912288	0.0031850654848060663	27122	0.4886105077338865	[-0.004, 0.0084]	-0.0040371389777204185	0.008448645518702877													TT	TC			C/C:295  C/T:11  T/T:0	C/C:26084  C/T:732  T/T:0
rs78605913	3:182275589:T:A	3	182275589	0.04426544348632576	WTMLE_TUNEDXGBOOST_TUNEDXGBOOST	β₁	0.26830115277186617	false	0.008749516306582638	0.004347701555570455	2893	0.04426544348632576	[0.0002, 0.0173]	0.00022461000954127584	0.017274422603624003													AA	AT			T/T:30  T/A:6  A/A:0	T/T:2552  T/A:295  A/A:10
rs1368256	3:107586424:T:C	3	107586424	0.5210929700642957	WTMLE_TUNEDXGBOOST_TUNEDXGBOOST	joint	0.8053254991902751	false	0.0011550647504813042	0.0013835092311509348	28697	0.4037919976556186	[-0.0016, 0.0039]	-0.001556677892997203	0.0038668073939598113	-0.00154061607107116	0.0014918383048598066	28697	0.30175469431502616	[-0.0045, 0.0014]	-0.0044646887533311905	0.0013834566111888707	-0.0026956808215524643	0.2575371857641541	[-0.0074, 0.002]	-0.007362178679921758	0.00197081703681683	TT	CT	CT	CC	T/T:65  T/C:165  C/C:87	T/T:6269  T/C:13977  C/C:8134
rs73227021	3:134501883:G:A	3	134501883	0.7523269942292043	WTMLE_TUNEDXGBOOST_TUNEDXGBOOST	β₁	0.8627778133736219	false	-0.0006962818713026875	0.0022063871892881353	28596	0.7523269942292043	[-0.005, 0.0036]	-0.005020904350073348	0.003628340607467973													AA	AG			G/G:298  G/A:17  A/A:1	G/G:26500  G/A:1756  A/A:24
rs9882988	3:116337951:T:G	3	116337951	0.07824715246254758	WTMLE_TUNEDXGBOOST_TUNEDXGBOOST	joint	0.3695004421842525	false	-0.0026083458239884757	0.0012283160832927042	28474	0.033719441393681965	[-0.005, -0.0002]	-0.0050159034521696354	-0.00020078819580731646	0.0036205189048960475	0.002792375067147802	28474	0.19478855812679555	[-0.0019, 0.0091]	-0.0018526683187320763	0.00909370612852417	0.006228864728884523	0.06162201870899481	[-0.0003, 0.0128]	-0.0003031580159000369	0.012760887473669082	GG	GT	GT	TT	T/T:214  T/G:86  G/G:17	T/T:17916  T/G:9126  G/G:1115
rs73157065	3:149723906:C:T	3	149723906	0.4887986651639141	WTMLE_TUNEDXGBOOST_TUNEDXGBOOST	β₁	0.7943986405144223	false	-0.0016254387973457785	0.002348120383577733	28654	0.4887986651639141	[-0.0062, 0.003]	-0.0062278645968046045	0.002976987002113047													TT	TC			C/C:305  C/T:12  T/T:0	C/C:27146  C/T:1180  T/T:11
rs115186419	3:185793118:C:T	3	185793118	0.8083101969519657	WTMLE_TUNEDXGBOOST_TUNEDXGBOOST	β₁	0.8865337643989301	false	-0.0006067998271603003	0.0025011451158475856	28642	0.8083101969519657	[-0.0055, 0.0043]	-0.005509161347301014	0.004295561692980413													TT	TC			C/C:307  C/T:11  T/T:0	C/C:27322  C/T:997  T/T:5
rs73198318	3:107685126:A:G	3	107685126	0.5875890940981636	WTMLE_TUNEDXGBOOST_TUNEDXGBOOST	β₁	0.8086179245377677	false	-0.0012980857276924636	0.002393494412296961	28744	0.5875890940981636	[-0.006, 0.0034]	-0.0059894461255426985	0.0033932746701577712													GG	GA			A/A:310  A/G:9  G/G:0	A/A:27506  A/G:910  G/G:9
rs1159653	3:30872652:A:G	3	30872652	0.11175990458260594	WTMLE_TUNEDXGBOOST_TUNEDXGBOOST	joint	0.45909931345602156	false	0.002888026340698879	0.0014258354563053718	28749	0.042825511333691904	[0.0001, 0.0057]	9.332253432907693e-5	0.005682730147068681	-0.0003397514316188136	0.003729383211778012	28749	0.9274127828107948	[-0.0076, 0.007]	-0.007649515970911804	0.006970013107674177	-0.0032277777723176927	0.4599145934712403	[-0.0118, 0.0053]	-0.01178882862565312	0.0053332730810177345	GG	GA	GA	AA	A/A:214  A/G:96  G/G:8	A/A:20243  A/G:7462  G/G:726
rs77489603	3:109646091:T:C	3	109646091	0.13171870533068483	WTMLE_TUNEDXGBOOST_TUNEDXGBOOST	β₁	0.48678651970035697	false	-0.0030572273483613255	0.002028143752829111	28763	0.13171870533068483	[-0.007, 0.0009]	-0.007032483346286419	0.0009180286495637673													CC	CT			T/T:312  T/C:6  C/C:1	T/T:27725  T/C:716  C/C:3
rs114545914	3:157362462:C:G	3	157362462	0.0768442312010565	WTMLE_TUNEDXGBOOST_TUNEDXGBOOST	β₁	0.3695004421842525	false	0.0066204939316006645	0.0037417399393552433	28180	0.07684423120105661	[-0.0007, 0.014]	-0.0007134966036635021	0.013954484466864831													GG	GC			C/C:301  C/G:12  G/G:0	C/C:27131  C/G:735  G/G:1
rs17611784	4:52864476:T:C	4	52864476	0.7604534925026643	WTMLE_TUNEDXGBOOST_TUNEDXGBOOST	β₁	0.8627778133736219	false	0.0007968026740389761	0.0026134254894298855	28675	0.7604534925026643	[-0.0043, 0.0059]	-0.004325633385674432	0.005919238733752384													CC	CT			T/T:306  T/C:13  C/C:0	T/T:27209  T/C:1136  C/C:11
rs115985869	4:143645856:A:G	4	143645856	0.3608410712407325	WTMLE_TUNEDXGBOOST_TUNEDXGBOOST	β₁	0.7726919086586473	false	-0.002001070964675296	0.002189885784797423	27799	0.3608410712407325	[-0.0063, 0.0023]	-0.0062933551251920915	0.0022912131958414995													GG	GA			A/A:295  A/G:10  G/G:0	A/A:26361  A/G:1127  G/G:6
rs7654969	4:3697412:G:T	4	3697412	0.4761466700233049	WTMLE_TUNEDXGBOOST_TUNEDXGBOOST	β₁	0.7943986405144223	false	0.001992982742568749	0.00279707779336061	28651	0.4761466700233049	[-0.0035, 0.0075]	-0.003489420607037184	0.007475386092174682													TT	TG			G/G:308  G/T:10  T/T:0	G/G:27754  G/T:576  T/T:3
rs143786057	4:164710968:C:T	4	164710968	0.4599873308424024	WTMLE_TUNEDXGBOOST_TUNEDXGBOOST	β₁	0.7943986405144223	false	-0.0017750495371237432	0.0024023592170489025	28727	0.4599873308424024	[-0.0065, 0.0029]	-0.006483785482044783	0.0029336864077972973													TT	TC			C/C:312  C/T:6  T/T:0	C/C:27711  C/T:694  T/T:4
rs28552103	4:21928357:G:A	4	21928357	0.7096899812198159	WTMLE_TUNEDXGBOOST_TUNEDXGBOOST	β₁	0.8542922643830261	false	-0.0009171371667127362	0.00246359339521141	28604	0.7096899812198156	[-0.0057, 0.0039]	-0.005745895827509779	0.003911621494084307													AA	AG			G/G:306  G/A:10  A/A:0	G/G:27495  G/A:783  A/A:10
rs77602254	4:29282560:A:G	4	29282560	0.6242875144699492	WTMLE_TUNEDXGBOOST_TUNEDXGBOOST	β₁	0.8086179245377677	false	-0.0009351916789448717	0.0019093797182109448	28716	0.6242875144699492	[-0.0047, 0.0028]	-0.004677664908161835	0.0028072815502720914													GG	GA			A/A:293  A/G:24  G/G:0	A/A:25997  A/G:2350  G/G:52
rs75552905	4:52720097:A:G	4	52720097	0.3800008724327244	WTMLE_TUNEDXGBOOST_TUNEDXGBOOST	β₁	0.7943986405144223	false	0.003171527017342676	0.003612595235372592	28740	0.3800008724327244	[-0.0039, 0.0103]	-0.003909327750043547	0.010252381784728898													GG	GA			A/A:308  A/G:10  G/G:0	A/A:27580  A/G:835  G/G:7
rs2047245	4:176673368:T:C	4	176673368	0.019449052909894828	WTMLE_TUNEDXGBOOST_TUNEDXGBOOST	β₁	0.18368549970456227	false	-0.004761860683169638	0.00203764650515414	28758	0.019449052909894876	[-0.0088, -0.0008]	-0.008755742546442924	-0.0007679788198963512													CC	CT			T/T:315  T/C:4  C/C:0	T/T:27719  T/C:717  C/C:3
rs10517406	4:58561997:C:A	4	58561997	0.3125238086723565	WTMLE_TUNEDXGBOOST_TUNEDXGBOOST	β₁	0.7460969117485612	false	0.0037747596583610726	0.003737540318382136	28706	0.3125238086723565	[-0.0036, 0.0111]	-0.003550993651291558	0.011100512968013704													AA	AC			C/C:306  C/A:12  A/A:1	C/C:27483  C/A:899  A/A:5
rs11735109	4:186417689:G:A	4	186417689	0.004883406432586668	WTMLE_TUNEDXGBOOST_TUNEDXGBOOST	β₁	0.11563599741990528	false	0.010539471745133562	0.003744246142686955	28668	0.004883406432586668	[0.0032, 0.0179]	0.0032005742969310703	0.017878369193336054													AA	AG			G/G:299  G/A:19  A/A:1	G/G:27270  G/A:1066  A/A:13
rs77968392	4:49065931:T:C	4	49065931	0.4013238247527612	WTMLE_TUNEDXGBOOST_TUNEDXGBOOST	β₁	0.7943986405144223	false	0.002491387936379278	0.002968511718037185	28761	0.4013238247527612	[-0.0033, 0.0083]	-0.003327032986750028	0.008309808859508584													CC	CT			T/T:304  T/C:13  C/C:0	T/T:27322  T/C:1110  C/C:12
rs17580689	4:38270033:G:T	4	38270033	0.21969226392021618	WTMLE_TUNEDXGBOOST_TUNEDXGBOOST	β₁	0.6658062588250775	false	0.003524425176082067	0.002871510846532139	25842	0.21969226392021604	[-0.0021, 0.0092]	-0.0021038962886637843	0.009152746640827918													TT	TG			G/G:266  G/T:17  T/T:0	G/G:24359  G/T:1182  T/T:18
rs73117935	4:21937226:C:T	4	21937226	0.4921277501426722	WTMLE_TUNEDXGBOOST_TUNEDXGBOOST	β₁	0.7943986405144223	false	-0.0015939289228219956	0.0023203410287814057	28741	0.4921277501426722	[-0.0061, 0.003]	-0.006141905305745861	0.0029540474601018702													TT	TC			C/C:309  C/T:9  T/T:0	C/C:27639  C/T:773  T/T:11
rs77893777	4:177604228:A:G	4	177604228	0.2539561393275622	WTMLE_TUNEDXGBOOST_TUNEDXGBOOST	β₁	0.7077466177981242	false	-0.0026346567480353853	0.002309449960320979	28732	0.2539561393275621	[-0.0072, 0.0019]	-0.007161286189729688	0.0018919726936589172													GG	GA			A/A:311  A/G:8  G/G:0	A/A:27492  A/G:909  G/G:12
rs7713064	5:159600282:A:G	5	159600282	0.03538701294327138	WTMLE_TUNEDXGBOOST_TUNEDXGBOOST	joint	0.2403308077459409	false	0.0026450289316816778	0.0014159176928665788	28612	0.06176296455052558	[-0.0001, 0.0054]	-0.00013023615662069617	0.005420294019984052	-0.0060626977494295355	0.0025145104185872536	28612	0.015911412000517985	[-0.011, -0.0011]	-0.010991256107048257	-0.0011341393918108148	-0.008707726681111213	0.009750395480301847	[-0.0153, -0.0021]	-0.015310948031996043	-0.002104505330226385	GG	GA	GA	AA	A/A:213  A/G:99  G/G:6	A/A:19788  A/G:7789  G/G:717
rs75312050	5:18086262:G:A	5	18086262	0.5547920204012617	WTMLE_TUNEDXGBOOST_TUNEDXGBOOST	β₁	0.8077940230104325	false	0.002238827416951558	0.0037907573397010998	28768	0.5547920204012614	[-0.0052, 0.0097]	-0.005191233060802797	0.009668887894705913													AA	AG			G/G:310  G/A:8  A/A:1	G/G:27776  G/A:665  A/A:8
rs2962249	5:50389371:G:T	5	50389371	0.7214499649803086	WTMLE_TUNEDXGBOOST_TUNEDXGBOOST	joint	0.8569143352836134	false	3.446524284018738e-5	0.0013284281272736374	28679	0.9793018831216371	[-0.0026, 0.0026]	-0.0025693159360541114	0.0026382464217344858	0.0030996186649687616	0.003985469201010668	28679	0.4367346621434889	[-0.0047, 0.0109]	-0.004712087125958761	0.010911324455896284	0.0030651534221285744	0.49520259332311245	[-0.0057, 0.0119]	-0.005743146677612141	0.01187345352186929	GG	TG	TG	TT	G/G:10  G/T:84  T/T:224	G/G:704  G/T:7430  T/T:20227
rs72769308	5:82520265:G:A	5	82520265	0.9706962048893031	WTMLE_TUNEDXGBOOST_TUNEDXGBOOST	β₁	0.9940864748866357	false	-0.00010614852342763689	0.0028895389540628006	27686	0.9706962048893031	[-0.0058, 0.0056]	-0.005769788414662443	0.00555749136780717													AA	AG			G/G:300  G/A:11  A/A:0	G/G:26286  G/A:1079  A/A:10
rs72746606	5:22528391:T:G	5	22528391	0.17067777839868364	WTMLE_TUNEDXGBOOST_TUNEDXGBOOST	β₁	0.5861469000893317	false	-0.0026902388659488623	0.0019635870226242143	28771	0.1706777783986838	[-0.0065, 0.0012]	-0.006538960627856579	0.001158482895958855													GG	GT			T/T:305  T/G:14  G/G:0	T/T:26696  T/G:1730  G/G:26
rs66558288	5:144932397:G:A	5	144932397	0.6693252585648989	WTMLE_TUNEDXGBOOST_TUNEDXGBOOST	joint	0.8428540293039468	false	-0.0010528565576005645	0.0012707052913974613	28721	0.40735987849477084	[-0.0035, 0.0014]	-0.0035434981282755386	0.0014377850130744094	0.001835090141909924	0.0034548183613085843	28721	0.5953062362643692	[-0.0049, 0.0086]	-0.004936514799109323	0.008606695082929171	0.0028879466995104883	0.46565995217748624	[-0.0049, 0.0106]	-0.004870763173091382	0.010646656572112358	AA	AG	AG	GG	G/G:219  G/A:88  A/A:12	G/G:18891  G/A:8527  A/A:984
rs10491334	5:110772404:T:C	5	110772404	0.7463700655923854	WTMLE_TUNEDXGBOOST_TUNEDXGBOOST	joint	0.8627778133736219	false	-0.0004473605909221399	0.0012702238540713436	28770	0.7246980890160257	[-0.0029, 0.002]	-0.002937058343291257	0.0020423371614469777	-0.001443748654788552	0.002676676380524011	28770	0.5896280925786355	[-0.0067, 0.0038]	-0.006690158684839709	0.0038026613752626046	-0.0009963880638664121	0.7622831865433167	[-0.0075, 0.0055]	-0.007452758816505705	0.005459982688772881	CC	CT	CT	TT	T/T:209  T/C:101  C/C:9	T/T:18105  T/C:9249  C/C:1097
rs62385806	6:13487174:T:C	6	13487174	0.012971931557020562	WTMLE_TUNEDXGBOOST_TUNEDXGBOOST	β₁	0.1575163117638211	false	-0.005060064298202512	0.00203649402428822	28755	0.012971931557020562	[-0.0091, -0.0011]	-0.009051687262938679	-0.0010684413334663447													CC	CT			T/T:312  T/C:7  C/C:0	T/T:27278  T/C:1136  C/C:22
rs1534443	6:144869785:G:A	6	144869785	0.36038320713621613	WTMLE_TUNEDXGBOOST_TUNEDXGBOOST	joint	0.7726919086586473	false	0.0015990352690351238	0.0012664832633583014	28756	0.206750730184609	[-0.0009, 0.0041]	-0.0008833308026456137	0.004081401340715861	-0.0024667189326580165	0.002293920037250106	28756	0.2822364417747095	[-0.007, 0.002]	-0.006962908844018326	0.002029470978702293	-0.00406575420169314	0.17390378310839083	[-0.0099, 0.0018]	-0.009926222927759368	0.0017947145243730868	AA	AG	AG	GG	G/G:180  G/A:123  A/A:15	G/G:16999  G/A:9983  A/A:1456
rs16822632	6:32411712:A:G	6	32411712	0.9185875471721134	WTMLE_TUNEDXGBOOST_TUNEDXGBOOST	β₁	0.9598168248541832	false	-0.0003105066032147528	0.003037809652071173	28759	0.9185875471721134	[-0.0063, 0.0056]	-0.006264754714964223	0.005643741508534718													GG	GA			A/A:313  A/G:6  G/G:0	A/A:27843  A/G:594  G/G:3
rs12529462	6:50022625:A:G	6	50022625	0.19005740206179011	WTMLE_TUNEDXGBOOST_TUNEDXGBOOST	β₁	0.6051314795371051	false	0.002431579701518411	0.0018555441113188658	28776	0.19005740206179011	[-0.0012, 0.0061]	-0.001205372909657448	0.00606853231269427													GG	GA			A/A:270  A/G:47  G/G:2	A/A:24834  A/G:3518  G/G:105
rs3130602	6:32972207:T:C	6	32972207	0.22324092207664364	WTMLE_TUNEDXGBOOST_TUNEDXGBOOST	β₁	0.6658062588250775	false	-0.0027239873489004383	0.0022364764586736596	28777	0.2232409220766435	[-0.0071, 0.0017]	-0.007107585041188191	0.0016596103433873144													CC	CT			T/T:311  T/C:8  C/C:0	T/T:27446  T/C:1009  C/C:3
rs116937777	6:140258264:T:A	6	140258264	0.06369833986001992	WTMLE_TUNEDXGBOOST_TUNEDXGBOOST	β₁	0.33801010980447843	false	0.0056622840683778555	0.003053502725061524	28749	0.06369833986001984	[-0.0003, 0.0116]	-0.00032272328345387714	0.011647291420209588													AA	AT			T/T:304  T/A:15  A/A:0	T/T:27780  T/A:650  A/A:0
rs7747412	6:32373286:A:G	6	32373286	0.8722478916671061	WTMLE_TUNEDXGBOOST_TUNEDXGBOOST	β₁	0.9357802667734818	false	-0.0004927923116048977	0.0030645280923714256	28781	0.8722478916671061	[-0.0065, 0.0055]	-0.006499409614925199	0.005513824991715403													GG	GA			A/A:313  A/G:6  G/G:0	A/A:27865  A/G:594  G/G:3
rs9276969	6:32968397:A:C	6	32968397	0.11677951174031016	WTMLE_TUNEDXGBOOST_TUNEDXGBOOST	β₁	0.4616864417640169	false	-0.0032452726877859684	0.00206905222793593	28779	0.11677951174031015	[-0.0073, 0.0008]	-0.0073007111029391725	0.0008101657273672357													CC	CA			A/A:311  A/C:8  C/C:0	A/A:27448  A/C:1009  C/C:3
rs3128933	6:32972163:A:G	6	32972163	0.1829403274699675	WTMLE_TUNEDXGBOOST_TUNEDXGBOOST	β₁	0.5980741474979706	false	-0.003027819761635619	0.002273499281523154	28728	0.1829403274699675	[-0.0075, 0.0014]	-0.007483984225294145	0.001428344702022908													GG	GA			A/A:310  A/G:8  G/G:0	A/A:27400  A/G:1010  G/G:0
rs2270860	6:43270151:T:C	6	43270151	0.7099746810220312	WTMLE_TUNEDXGBOOST_TUNEDXGBOOST	joint	0.8542922643830261	false	0.0009762960260526487	0.0012483618922804682	28744	0.43418475503750087	[-0.0015, 0.0034]	-0.0014705513589009917	0.003423143411006289	8.611475736882821e-6	0.002185106559664016	28744	0.9968555831029577	[-0.0043, 0.0043]	-0.004274299036367827	0.004291521987841592	-0.000967684550315766	0.7337734341158018	[-0.0065, 0.0046]	-0.006544369820156897	0.004609000719525365	CC	CT	CT	TT	T/T:154  T/C:138  C/C:27	T/T:14304  T/C:11777  C/C:2344
rs6908876	6:116231085:C:T	6	116231085	0.3335492076052391	WTMLE_TUNEDXGBOOST_TUNEDXGBOOST	β₁	0.7460969117485612	false	0.00276312075484903	0.0028573979653791506	28750	0.3335492076052391	[-0.0028, 0.0084]	-0.002837512139464563	0.008363753649162623													TT	TC			C/C:306  C/T:13  T/T:0	C/C:27520  C/T:902  T/T:9
rs75254415	6:69489897:G:A	6	69489897	0.8276610453693005	WTMLE_TUNEDXGBOOST_TUNEDXGBOOST	β₁	0.9019383186716735	false	-0.00048276493652450465	0.0022175257376519535	28674	0.8276610453693005	[-0.0048, 0.0039]	-0.004829218992535546	0.003863689119486536													AA	AG			G/G:302  G/A:17  A/A:0	G/G:26755  G/A:1581  A/A:19
rs16822660	6:32413560:C:T	6	32413560	0.7258568487108255	WTMLE_TUNEDXGBOOST_TUNEDXGBOOST	β₁	0.8569143352836134	false	-0.0009878192851088758	0.0028171448025880183	28761	0.7258568487108255	[-0.0065, 0.0045]	-0.006509554019476456	0.004533915449258704													TT	TC			C/C:313  C/T:6  T/T:0	C/C:27839  C/T:600  T/T:3
rs116048825	6:47989330:T:C	6	47989330	0.3636197217217164	WTMLE_TUNEDXGBOOST_TUNEDXGBOOST	β₁	0.7726919086586473	false	-0.002469123353033194	0.0027177859205035414	25782	0.3636197217217164	[-0.0078, 0.0029]	-0.007796135966951528	0.0028578892608851396													CC	CT			T/T:275  T/C:6  C/C:0	T/T:24681  T/C:813  C/C:7
rs1534442	6:144870040:C:T	6	144870040	0.3907742659396231	WTMLE_TUNEDXGBOOST_TUNEDXGBOOST	joint	0.7943986405144223	false	0.001544375711007701	0.0012663941503549677	28737	0.22266207558830958	[-0.0009, 0.004]	-0.0009378157641294568	0.004026567186144859	-0.0023706621898738987	0.0023444604267880715	28737	0.31194069946404357	[-0.007, 0.0022]	-0.006965913742116624	0.0022245893623688267	-0.0039150379008816	0.1959432712287641	[-0.0098, 0.002]	-0.009848769495618121	0.0020186936938549217	TT	TC	TC	CC	C/C:181  C/T:123  T/T:15	C/C:16986  C/T:9976  T/T:1456
rs150321190	6:48027495:T:C	6	48027495	0.5770362822185565	WTMLE_TUNEDXGBOOST_TUNEDXGBOOST	β₁	0.8086179245377677	false	-0.0014250127423835383	0.0025550405739575887	25846	0.5770362822185565	[-0.0064, 0.0036]	-0.006433034780264484	0.0035830092954974076													CC	CT			T/T:275  T/C:8  C/C:0	T/T:24718  T/C:838  C/C:7
rs73046799	7:8496798:A:G	7	8496798	0.621305493123208	WTMLE_TUNEDXGBOOST_TUNEDXGBOOST	β₁	0.8086179245377677	false	0.0014637790232712414	0.002963077565021081	28766	0.621305493123208	[-0.0043, 0.0073]	-0.004343990664916114	0.007271548711458596													GG	GA			A/A:305  A/G:12  G/G:0	A/A:27671  A/G:771  G/G:7
rs80150924	7:26902873:A:G	7	26902873	0.0943882997512334	WTMLE_TUNEDXGBOOST_TUNEDXGBOOST	β₁	0.4114361784028122	false	0.0064510025249661165	0.0038565356992962476	28749	0.0943882997512334	[-0.0011, 0.014]	-0.0011079868034041453	0.014009991853336378													GG	GA			A/A:304  A/G:13  G/G:0	A/A:27724  A/G:705  G/G:3
rs77456620	7:28716565:G:A	7	28716565	0.0014999299589799793	WTMLE_TUNEDXGBOOST_TUNEDXGBOOST	β₁	0.07346589629223896	false	-0.0053540929036639965	0.0016863234880551837	28158	0.0014999299589799793	[-0.0087, -0.002]	-0.008659368287928128	-0.0020488175193998652													AA	AG			G/G:305  G/A:7  A/A:0	G/G:26759  G/A:1074  A/A:13
rs78800399	7:25515946:A:G	7	25515946	0.19221823467649218	WTMLE_TUNEDXGBOOST_TUNEDXGBOOST	β₁	0.6051314795371051	false	0.003295135300765401	0.0025267977277269155	28773	0.19221823467649218	[-0.0017, 0.0082]	-0.0016575055866263574	0.00824777618815716													GG	GA			A/A:298  A/G:21  G/G:0	A/A:27036  A/G:1404  G/G:14
rs56114267	7:32393518:C:G	7	32393518	0.4792198130347016	WTMLE_TUNEDXGBOOST_TUNEDXGBOOST	β₁	0.7943986405144223	false	-0.0015053905353194755	0.002127558443089526	28753	0.4792198130347016	[-0.0057, 0.0027]	-0.005675504006725413	0.002664722936086462													GG	GC			C/C:306  C/G:11  G/G:0	C/C:27227  C/G:1198  G/G:11
rs75355100	7:26345833:A:C	7	26345833	0.5996431978933001	WTMLE_TUNEDXGBOOST_TUNEDXGBOOST	β₁	0.8086179245377677	false	0.0014341382222189598	0.002732110714134609	28712	0.5996431978933001	[-0.0039, 0.0068]	-0.003920926131629578	0.006789202576067498													CC	CA			A/A:304  A/C:13  C/C:0	A/A:27250  A/C:1134  C/C:11
rs117755521	7:52682881:G:A	7	52682881	0.49065342813314317	WTMLE_TUNEDXGBOOST_TUNEDXGBOOST	β₁	0.7943986405144223	false	0.0021545852836808307	0.0031258544025504504	28487	0.49065342813314317	[-0.004, 0.0083]	-0.00397223709355988	0.00828140766092154													AA	AG			G/G:305  G/A:13  A/A:0	G/G:27082  G/A:1079  A/A:8
rs73064070	7:14436782:A:G	7	14436782	0.3529439933855292	WTMLE_TUNEDXGBOOST_TUNEDXGBOOST	β₁	0.7726919086586473	false	0.0026087161911075825	0.002808365433283814	28769	0.3529439933855292	[-0.0029, 0.0081]	-0.002895810506994695	0.00811324288920986													GG	GA			A/A:304  A/G:14  G/G:0	A/A:27615  A/G:832  G/G:4
rs1063577	8:23225559:A:G	8	23225559	0.27760536817665493	WTMLE_TUNEDXGBOOST_TUNEDXGBOOST	joint	0.7400211368221884	false	0.001651255721489127	0.001333624218417937	28753	0.21566252445159367	[-0.001, 0.0043]	-0.0009627097547973617	0.004265221197775616	-0.0035012188384260577	0.002487321846767974	28753	0.15925266279814324	[-0.0084, 0.0014]	-0.008376485308599803	0.0013740476317476882	-0.005152474559915184	0.11135225724562335	[-0.0115, 0.0012]	-0.011495353474330073	0.0011904043544997047	GG	GA	GA	AA	A/A:199  A/G:109  G/G:10	A/A:18610  A/G:8758  G/G:1067
rs34748721	8:129195943:G:T	8	129195943	0.5418926110085611	WTMLE_TUNEDXGBOOST_TUNEDXGBOOST	β₁	0.806473908176677	false	-0.0010530991069598239	0.0017265029432127611	28683	0.5418926110085611	[-0.0044, 0.0023]	-0.004437125498818317	0.0023309272848986693													TT	TG			G/G:287  G/T:31  T/T:1	G/G:25295  G/T:2977  T/T:92
rs72721736	8:138247397:T:C	8	138247397	0.08453042453683184	WTMLE_TUNEDXGBOOST_TUNEDXGBOOST	β₁	0.38838303165571386	false	-0.0034517264501441798	0.002000950736133886	28780	0.08453042453683184	[-0.0074, 0.0005]	-0.007373682774262683	0.000470229873974323													CC	CT			T/T:313  T/C:6  C/C:0	T/T:27580  T/C:872  C/C:9
rs78388263	8:143734750:T:A	8	143734750	0.1758440700267995	WTMLE_TUNEDXGBOOST_TUNEDXGBOOST	β₁	0.5861469000893317	false	0.006017135699642077	0.004444968343955024	28666	0.1758440700267996	[-0.0027, 0.0147]	-0.0026952100409303754	0.014729481440214529													AA	AT			T/T:309  T/A:10  A/A:0	T/T:27648  T/A:699  A/A:0
rs7837872	8:31070598:C:A	8	31070598	0.017925651287504014	WTMLE_TUNEDXGBOOST_TUNEDXGBOOST	joint	0.17925651287504013	false	0.0030726124341161846	0.0013193367599348173	28731	0.019870898708565576	[0.0005, 0.0057]	0.0004866509574034013	0.005658573910828968	0.0029388120761750084	0.003309442797367656	28731	0.37454381767585243	[-0.0035, 0.0094]	-0.0035478498916156616	0.009425474043965678	-0.00013380035794117616	0.9726064690903204	[-0.0078, 0.0075]	-0.0077708669925269595	0.007503266276644608	AA	AC	AC	CC	C/C:180  C/A:119  A/A:18	C/C:18129  C/A:9111  A/A:1174
rs73175505	8:5196001:T:C	8	5196001	3.332838779113913e-7	WTMLE_TUNEDXGBOOST_TUNEDXGBOOST	β₁	5.6658259244936525e-5	true	-0.007100276267243231	0.0013909067545368995	28757	3.332838779113901e-7	[-0.0098, -0.0044]	-0.00982651816176695	-0.004374034372719512													CC	CT			T/T:313  T/C:6  C/C:0	T/T:27201  T/C:1217  C/C:20
rs74764125	8:13814455:G:A	8	13814455	0.7720177056520057	WTMLE_TUNEDXGBOOST_TUNEDXGBOOST	β₁	0.8634408550055327	false	0.0007999428759297755	0.002760904506113046	28460	0.7720177056520059	[-0.0046, 0.0062]	-0.004611560672539595	0.006211446424399146													AA	AG			G/G:305  G/A:9  A/A:0	G/G:27382  G/A:763  A/A:1
rs76863989	9:100676688:A:G	9	100676688	0.9765482773114688	WTMLE_TUNEDXGBOOST_TUNEDXGBOOST	β₁	0.9940910607362257	false	-5.6462248983759746e-5	0.0019206893927581172	28599	0.9765482773114688	[-0.0038, 0.0037]	-0.0038211036166009653	0.003708179118633446													GG	GA			A/A:286  A/G:28  G/G:0	A/A:25885  A/G:2347  G/G:53
rs117290148	9:14731257:G:C	9	14731257	0.05348297062614973	WTMLE_TUNEDXGBOOST_TUNEDXGBOOST	β₁	0.3030701668815151	false	-0.003550404970623754	0.001838559154654101	28744	0.05348297062614972	[-0.0072, 0.0001]	-0.007154066446888404	5.325650564089483e-5													CC	CG			G/G:312  G/C:7  C/C:0	G/G:27667  G/C:755  C/C:3
rs117742180	9:113543071:A:G	9	113543071	0.567720478136875	WTMLE_TUNEDXGBOOST_TUNEDXGBOOST	β₁	0.8086179245377677	false	-0.0010294740135332254	0.0018016113750931454	28760	0.567720478136875	[-0.0046, 0.0025]	-0.004560716040248524	0.002501768013182073													GG	GA			A/A:293  A/G:26  G/G:0	A/A:25993  A/G:2405  G/G:43
rs118160932	9:94365975:T:C	9	94365975	0.6340868600958374	WTMLE_TUNEDXGBOOST_TUNEDXGBOOST	β₁	0.8104869640322734	false	0.001368934588776383	0.0028759882151238587	28777	0.6340868600958374	[-0.0043, 0.007]	-0.004268135836878977	0.007006005014431743													CC	CT			T/T:309  T/C:10  C/C:0	T/T:27535  T/C:914  C/C:9
rs3893199	9:124324637:T:G	9	124324637	0.0025929139867849047	WTMLE_TUNEDXGBOOST_TUNEDXGBOOST	joint	0.07346589629223896	false	0.0001907076180906527	0.0013431418828324896	28701	0.8870918990993475	[-0.0024, 0.0028]	-0.0024419131237869724	0.0028233283599682774	-0.00614504561393009	0.0019882211309498556	28701	0.0019985925307391306	[-0.01, -0.0022]	-0.01004205177216242	-0.0022480394556977593	-0.006335753232020742	0.028148219279975722	[-0.012, -0.0007]	-0.011992486447231868	-0.0006790200168096169	GG	GT	GT	TT	T/T:225  T/G:89  G/G:4	T/T:20028  T/G:7643  G/G:712
rs55994938	9:121454624:A:G	9	121454624	0.6113616471055325	WTMLE_TUNEDXGBOOST_TUNEDXGBOOST	β₁	0.8086179245377677	false	-0.0014573333620315453	0.0028679968725842135	28756	0.6113616471055325	[-0.0071, 0.0042]	-0.0070787405579791135	0.004164073833916023													GG	GA			A/A:312  A/G:6  G/G:0	A/A:27784  A/G:649  G/G:5
rs4271043	9:91344771:G:A	9	91344771	0.0141544300033949	WTMLE_TUNEDXGBOOST_TUNEDXGBOOST	β₁	0.16041687337180888	false	-0.00395442043824091	0.001611766294237072	28708	0.0141544300033949	[-0.0071, -0.0008]	-0.007113557524103066	-0.0007952833523787537													AA	AG			G/G:312  G/A:7  A/A:0	G/G:27634  G/A:750  A/A:5
rs118000645	9:25939182:C:T	9	25939182	0.41347743694955974	WTMLE_TUNEDXGBOOST_TUNEDXGBOOST	β₁	0.7943986405144223	false	0.002721123437178582	0.003327364995304879	28721	0.4134774369495602	[-0.0038, 0.0092]	-0.0038006669686842295	0.009242913843041394													TT	TC			C/C:310  C/T:9  T/T:0	C/C:27768  C/T:631  T/T:3
rs12551209	9:124283089:A:G	9	124283089	0.4030679739475526	WTMLE_TUNEDXGBOOST_TUNEDXGBOOST	joint	0.7943986405144223	false	-0.0006713300922864555	0.0013428487793799725	28717	0.6171283544065685	[-0.0033, 0.002]	-0.003303376275875039	0.0019607160913021286	-0.0026662095431788844	0.002693926294754726	28717	0.3223235443166823	[-0.0079, 0.0026]	-0.007946430616360328	0.00261401153000256	-0.001994879450892429	0.5589680915068526	[-0.0087, 0.0047]	-0.008685808227291718	0.00469604932550686	GG	GA	GA	AA	A/A:234  A/G:79  G/G:5	A/A:20413  A/G:7289  G/G:697
rs117447397	9:21501888:G:T	9	21501888	0.011785282975353336	WTMLE_TUNEDXGBOOST_TUNEDXGBOOST	β₁	0.1553395150539826	false	-0.00472217897407242	0.0018748701637363292	28766	0.011785282975353313	[-0.0084, -0.001]	-0.008397011599035192	-0.001047346349109649													TT	TG			G/G:313  G/T:4  T/T:1	G/G:27796  G/T:652  T/T:0
